"Código técnico";"Formulario REM";Sección;Columna;"Nombre funcional de la variable";"Tipo de regla";Descripción;"Lógica resumida";"Fórmula Excel (técnico)";"Rango de filas";"Nivel de importancia";Estado;Fuente;"Observación para revisión";"Validado por Estadística";"Comentario Estadística"
a01_a_c_sum_equals;A01;A;C;TOTAL;"Suma igual al Total";"Valida que la suma de las columnas F + G + H + I + J + K + L + M + N sea igual al total de la columna C (Fila 11). Variable: TOTAL. De lo contrario, se marca como observación.";"Suma(F + G + H + I + J + K + L + M + N) = Columna C";;"Fila 11";Error;Activa;"Estructura Excel";;;
a01_d_i_sum_equals;A01;D;I;"Pueblos Originarios";"Suma igual al Total";"Valida que la suma de las columnas I sea igual al total de la columna I (Filas 70–73). Variable: Pueblos Originarios. De lo contrario, se marca como observación.";"Suma(I) = Columna I";;"Filas 70–73";Error;Activa;"Estructura Excel";;;
a01_d_j_sum_equals;A01;D;J;Migrantes;"Suma igual al Total";"Valida que la suma de las columnas J sea igual al total de la columna J (Filas 70–73). Variable: Migrantes. De lo contrario, se marca como observación.";"Suma(J) = Columna J";;"Filas 70–73";Error;Activa;"Estructura Excel";;;
a01_d_k_sum_equals;A01;D;K;"SENAME/ Servicio Nacional de Reinserción social Juvenil";"Suma igual al Total";"Valida que la suma de las columnas K sea igual al total de la columna K (Filas 70–73). Variable: SENAME/ Servicio Nacional de Reinserción social Juvenil. De lo contrario, se marca como observación.";"Suma(K) = Columna K";;"Filas 70–73";Error;Activa;"Estructura Excel";;;
a01_d_l_sum_equals;A01;D;L;"Servicio Nacional Protección Especializada a la Niñez y Adolescencia";"Suma igual al Total";"Valida que la suma de las columnas L sea igual al total de la columna L (Filas 70–73). Variable: Servicio Nacional Protección Especializada a la Niñez y Adolescencia. De lo contrario, se marca como observación.";"Suma(L) = Columna L";;"Filas 70–73";Error;Activa;"Estructura Excel";;;
a01_e_b_sum_equals;A01;E;B;TOTAL;"Suma igual al Total";"Valida que la suma de las columnas C + D sea igual al total de la columna B (Fila 78). Variable: TOTAL. De lo contrario, se marca como observación.";"Suma(C + D) = Columna B";;"Fila 78";Error;Activa;"Estructura Excel";;;
a01_g._l_sum_equals;A01;G.;L;"Total PAP informados en trans masculino";"Suma igual al Total";"Valida que la suma de las columnas L sea igual al total de la columna L (Filas 98–110). Variable: Total PAP informados en trans masculino. De lo contrario, se marca como observación.";"Suma(L) = Columna L";;"Filas 98–110";Error;Activa;"Estructura Excel";;;
a01_g.1_l_sum_equals;A01;G.1;L;"Total PAP informados en trans masculino";"Suma igual al Total";"Valida que la suma de las columnas L sea igual al total de la columna L (Filas 117–129). Variable: Total PAP informados en trans masculino. De lo contrario, se marca como observación.";"Suma(L) = Columna L";;"Filas 117–129";Error;Activa;"Estructura Excel";;;
a01_g.2_l_sum_equals;A01;G.2;L;"Total PAP informados en trans masculino";"Suma igual al Total";"Valida que la suma de las columnas L sea igual al total de la columna L (Filas 136–148). Variable: Total PAP informados en trans masculino. De lo contrario, se marca como observación.";"Suma(L) = Columna L";;"Filas 136–148";Error;Activa;"Estructura Excel";;;
a01_h._b_sum_equals;A01;H.;B;"TOTAL EXAMEN VPH CONVENCIONAL";"Suma igual al Total";"Valida que la suma de las columnas B sea igual al total de la columna B (Filas 155–165). Variable: TOTAL EXAMEN VPH CONVENCIONAL. De lo contrario, se marca como observación.";"Suma(B) = Columna B";;"Filas 155–165";Error;Activa;"Estructura Excel";;;
a01_h._g_sum_equals;A01;H.;G;"Total VPH informados en trans masculino";"Suma igual al Total";"Valida que la suma de las columnas G sea igual al total de la columna G (Filas 155–165). Variable: Total VPH informados en trans masculino. De lo contrario, se marca como observación.";"Suma(G) = Columna G";;"Filas 155–165";Error;Activa;"Estructura Excel";;;
a01_h._h_sum_equals;A01;H.;H;"Total Exámen Autotoma de VPH";"Suma igual al Total";"Valida que la suma de las columnas H sea igual al total de la columna H (Filas 155–165). Variable: Total Exámen Autotoma de VPH. De lo contrario, se marca como observación.";"Suma(H) = Columna H";;"Filas 155–165";Error;Activa;"Estructura Excel";;;
a01_h._m_sum_equals;A01;H.;M;"Total VPH autotoma en trans masculino informados";"Suma igual al Total";"Valida que la suma de las columnas M sea igual al total de la columna M (Filas 155–165). Variable: Total VPH autotoma en trans masculino informados. De lo contrario, se marca como observación.";"Suma(M) = Columna M";;"Filas 155–165";Error;Activa;"Estructura Excel";;;
a01_h._n_sum_equals;A01;H.;N;"Total de examenes tamizaje priorizado";"Suma igual al Total";"Valida que la suma de las columnas N sea igual al total de la columna N (Filas 155–165). Variable: Total de examenes tamizaje priorizado. De lo contrario, se marca como observación.";"Suma(N) = Columna N";;"Filas 155–165";Error;Activa;"Estructura Excel";;;
a01_h.1_b_sum_equals;A01;H.1;B;"TOTAL DE EXAMENES PROCESADOS";"Suma igual al Total";"Valida que la suma de las columnas B sea igual al total de la columna B (Filas 172–182). Variable: TOTAL DE EXAMENES PROCESADOS. De lo contrario, se marca como observación.";"Suma(B) = Columna B";;"Filas 172–182";Error;Activa;"Estructura Excel";;;
a01_h.1_g_sum_equals;A01;H.1;G;"Total VPH informados en trans masculino";"Suma igual al Total";"Valida que la suma de las columnas G sea igual al total de la columna G (Filas 172–182). Variable: Total VPH informados en trans masculino. De lo contrario, se marca como observación.";"Suma(G) = Columna G";;"Filas 172–182";Error;Activa;"Estructura Excel";;;
a01_h.1_h_sum_equals;A01;H.1;H;"Total examen VPH autotoma informado";"Suma igual al Total";"Valida que la suma de las columnas H sea igual al total de la columna H (Filas 172–182). Variable: Total examen VPH autotoma informado. De lo contrario, se marca como observación.";"Suma(H) = Columna H";;"Filas 172–182";Error;Activa;"Estructura Excel";;;
a01_h.1_i_sum_equals;A01;H.1;I;"Total de examenes tamizaje priorizado";"Suma igual al Total";"Valida que la suma de las columnas I sea igual al total de la columna I (Filas 172–182). Variable: Total de examenes tamizaje priorizado. De lo contrario, se marca como observación.";"Suma(I) = Columna I";;"Filas 172–182";Error;Activa;"Estructura Excel";;;
a01_h.2_b_sum_equals;A01;H.2;B;"TOTAL DE EXAMENES PROCESADOS";"Suma igual al Total";"Valida que la suma de las columnas B sea igual al total de la columna B (Filas 189–199). Variable: TOTAL DE EXAMENES PROCESADOS. De lo contrario, se marca como observación.";"Suma(B) = Columna B";;"Filas 189–199";Error;Activa;"Estructura Excel";;;
a01_h.2_g_sum_equals;A01;H.2;G;"Total VPH informados en trans masculino";"Suma igual al Total";"Valida que la suma de las columnas G sea igual al total de la columna G (Filas 189–199). Variable: Total VPH informados en trans masculino. De lo contrario, se marca como observación.";"Suma(G) = Columna G";;"Filas 189–199";Error;Activa;"Estructura Excel";;;
a01_h.2_h_sum_equals;A01;H.2;H;"Total examen VPH autotoma informado";"Suma igual al Total";"Valida que la suma de las columnas H sea igual al total de la columna H (Filas 189–199). Variable: Total examen VPH autotoma informado. De lo contrario, se marca como observación.";"Suma(H) = Columna H";;"Filas 189–199";Error;Activa;"Estructura Excel";;;
a01_h.2_i_sum_equals;A01;H.2;I;"Total de examenes tamizaje priorizado";"Suma igual al Total";"Valida que la suma de las columnas I sea igual al total de la columna I (Filas 189–199). Variable: Total de examenes tamizaje priorizado. De lo contrario, se marca como observación.";"Suma(I) = Columna I";;"Filas 189–199";Error;Activa;"Estructura Excel";;;
a02_a_ag_sum_equals;A02;A;AG;"Pueblos Originarios";"Suma igual al Total";"Valida que la suma de las columnas AG sea igual al total de la columna AG (Filas 12–17). Variable: Pueblos Originarios. De lo contrario, se marca como observación.";"Suma(AG) = Columna AG";;"Filas 12–17";Error;Activa;"Estructura Excel";;;
a02_a_ah_sum_equals;A02;A;AH;Migrantes;"Suma igual al Total";"Valida que la suma de las columnas AH sea igual al total de la columna AH (Filas 12–17). Variable: Migrantes. De lo contrario, se marca como observación.";"Suma(AH) = Columna AH";;"Filas 12–17";Error;Activa;"Estructura Excel";;;
a02_b_ag_sum_equals;A02;B;AG;"Pueblos Originarios";"Suma igual al Total";"Valida que la suma de las columnas AG sea igual al total de la columna AG (Filas 22–25). Variable: Pueblos Originarios. De lo contrario, se marca como observación.";"Suma(AG) = Columna AG";;"Filas 22–25";Error;Activa;"Estructura Excel";;;
a02_b_ah_sum_equals;A02;B;AH;Migrantes;"Suma igual al Total";"Valida que la suma de las columnas AH sea igual al total de la columna AH (Filas 22–25). Variable: Migrantes. De lo contrario, se marca como observación.";"Suma(AH) = Columna AH";;"Filas 22–25";Error;Activa;"Estructura Excel";;;
a03_a.4_i_sum_equals;A03;A.4;I;"Pueblos Originarios";"Suma igual al Total";"Valida que la suma de las columnas I sea igual al total de la columna I (Filas 55–57). Variable: Pueblos Originarios. De lo contrario, se marca como observación.";"Suma(I) = Columna I";;"Filas 55–57";Error;Activa;"Estructura Excel";;;
a03_a.4_j_sum_equals;A03;A.4;J;Migrantes;"Suma igual al Total";"Valida que la suma de las columnas J sea igual al total de la columna J (Filas 55–57). Variable: Migrantes. De lo contrario, se marca como observación.";"Suma(J) = Columna J";;"Filas 55–57";Error;Activa;"Estructura Excel";;;
a03_a.5_c_sum_equals;A03;A.5;C;TOTAL;"Suma igual al Total";"Valida que la suma de las columnas D + E + F + G + H sea igual al total de la columna C (Fila 61). Variable: TOTAL. De lo contrario, se marca como observación.";"Suma(D + E + F + G + H) = Columna C";;"Fila 61";Error;Activa;"Estructura Excel";;;
a03_b.1_b_sum_equals;A03;B.1;B;TOTAL;"Suma igual al Total";"Valida que la suma de las columnas B sea igual al total de la columna B (Filas 80–83). Variable: TOTAL. De lo contrario, se marca como observación.";"Suma(B) = Columna B";;"Filas 80–83";Error;Activa;"Estructura Excel";;;
a03_d.2_ab_sum_equals;A03;D.2;AB;"Pueblos originarios";"Suma igual al Total";"Valida que la suma de las columnas AB sea igual al total de la columna AB (Filas 122–151). Variable: Pueblos originarios. De lo contrario, se marca como observación.";"Suma(AB) = Columna AB";;"Filas 122–151";Error;Activa;"Estructura Excel";;;
a03_d.2_ac_sum_equals;A03;D.2;AC;Migrantes;"Suma igual al Total";"Valida que la suma de las columnas AC sea igual al total de la columna AC (Filas 122–151). Variable: Migrantes. De lo contrario, se marca como observación.";"Suma(AC) = Columna AC";;"Filas 122–151";Error;Activa;"Estructura Excel";;;
a03_d.7_ah_sum_equals;A03;D.7;AH;"Pueblos Originarios";"Suma igual al Total";"Valida que la suma de las columnas AH sea igual al total de la columna AH. Variable: Pueblos Originarios. De lo contrario, se marca como observación.";"Suma(AH) = Columna AH";;—;Error;Activa;"Estructura Excel";;;
a03_f.1_c_sum_equals;A03;F.1;C;Hombres;"Suma igual al Total";"Valida que la suma de las columnas C sea igual al total de la columna C (Filas 230–231). Variable: Hombres. De lo contrario, se marca como observación.";"Suma(C) = Columna C";;"Filas 230–231";Error;Activa;"Estructura Excel";;;
a03_f.1_d_sum_equals;A03;F.1;D;Mujeres;"Suma igual al Total";"Valida que la suma de las columnas D sea igual al total de la columna D (Filas 230–231). Variable: Mujeres. De lo contrario, se marca como observación.";"Suma(D) = Columna D";;"Filas 230–231";Error;Activa;"Estructura Excel";;;
a03_f.1_e_sum_equals;A03;F.1;E;"Pueblos Originarios";"Suma igual al Total";"Valida que la suma de las columnas E sea igual al total de la columna E (Filas 230–231). Variable: Pueblos Originarios. De lo contrario, se marca como observación.";"Suma(E) = Columna E";;"Filas 230–231";Error;Activa;"Estructura Excel";;;
a03_f.1_f_sum_equals;A03;F.1;F;Migrantes;"Suma igual al Total";"Valida que la suma de las columnas F sea igual al total de la columna F (Filas 230–231). Variable: Migrantes. De lo contrario, se marca como observación.";"Suma(F) = Columna F";;"Filas 230–231";Error;Activa;"Estructura Excel";;;
a04_a_ao_sum_equals;A04;A;AO;"Pueblos Originarios";"Suma igual al Total";"Valida que la suma de las columnas AO sea igual al total de la columna AO (Filas 13–26). Variable: Pueblos Originarios. De lo contrario, se marca como observación.";"Suma(AO) = Columna AO";;"Filas 13–26";Error;Activa;"Estructura Excel";;;
a04_a_ap_sum_equals;A04;A;AP;Migrantes;"Suma igual al Total";"Valida que la suma de las columnas AP sea igual al total de la columna AP (Filas 13–26). Variable: Migrantes. De lo contrario, se marca como observación.";"Suma(AP) = Columna AP";;"Filas 13–26";Error;Activa;"Estructura Excel";;;
a04_a_aq_sum_equals;A04;A;AQ;"SENAME/ Servicio Nacional de Reinserción social Juvenil";"Suma igual al Total";"Valida que la suma de las columnas AQ sea igual al total de la columna AQ (Filas 13–26). Variable: SENAME/ Servicio Nacional de Reinserción social Juvenil. De lo contrario, se marca como observación.";"Suma(AQ) = Columna AQ";;"Filas 13–26";Error;Activa;"Estructura Excel";;;
a04_a_ar_sum_equals;A04;A;AR;"Servicio Nacional Protección Especializada a la Niñez y Adolescencia";"Suma igual al Total";"Valida que la suma de las columnas AR sea igual al total de la columna AR (Filas 13–26). Variable: Servicio Nacional Protección Especializada a la Niñez y Adolescencia. De lo contrario, se marca como observación.";"Suma(AR) = Columna AR";;"Filas 13–26";Error;Activa;"Estructura Excel";;;
a04_a_as_sum_equals;A04;A;AS;"Por Campaña de Invierno";"Suma igual al Total";"Valida que la suma de las columnas AS sea igual al total de la columna AS (Filas 13–26). Variable: Por Campaña de Invierno. De lo contrario, se marca como observación.";"Suma(AS) = Columna AS";;"Filas 13–26";Error;Activa;"Estructura Excel";;;
a04_c_b_sum_equals;A04;C;B;"Ambos sexos";"Suma igual al Total";"Valida que la suma de las columnas C + D sea igual al total de la columna B (Fila 53). Variable: Ambos sexos. De lo contrario, se marca como observación.";"Suma(C + D) = Columna B";;"Fila 53";Error;Activa;"Estructura Excel";;;
a04_c_c_sum_equals;A04;C;C;Hombres;"Suma igual al Total";"Valida que la suma de las columnas E + G + I + K sea igual al total de la columna C. Variable: Hombres. De lo contrario, se marca como observación.";"Suma(E + G + I + K) = Columna C";;—;Error;Activa;"Estructura Excel";;;
a04_c_d_sum_equals;A04;C;D;Mujeres;"Suma igual al Total";"Valida que la suma de las columnas F + H + J + L sea igual al total de la columna D. Variable: Mujeres. De lo contrario, se marca como observación.";"Suma(F + H + J + L) = Columna D";;—;Error;Activa;"Estructura Excel";;;
a04_c_m_sum_equals;A04;C;M;"Ambos sexos";"Suma igual al Total";"Valida que la suma de las columnas N + O sea igual al total de la columna M (Fila 53). Variable: Ambos sexos. De lo contrario, se marca como observación.";"Suma(N + O) = Columna M";;"Fila 53";Error;Activa;"Estructura Excel";;;
a04_c_n_sum_equals;A04;C;N;Hombres;"Suma igual al Total";"Valida que la suma de las columnas P + R + T + V sea igual al total de la columna N. Variable: Hombres. De lo contrario, se marca como observación.";"Suma(P + R + T + V) = Columna N";;—;Error;Activa;"Estructura Excel";;;
a04_c_o_sum_equals;A04;C;O;Mujeres;"Suma igual al Total";"Valida que la suma de las columnas Q + S + U + W sea igual al total de la columna O. Variable: Mujeres. De lo contrario, se marca como observación.";"Suma(Q + S + U + W) = Columna O";;—;Error;Activa;"Estructura Excel";;;
a04_d_w_sum_equals;A04;D;W;"Pueblos Originarios";"Suma igual al Total";"Valida que la suma de las columnas W sea igual al total de la columna W (Filas 60–61). Variable: Pueblos Originarios. De lo contrario, se marca como observación.";"Suma(W) = Columna W";;"Filas 60–61";Error;Activa;"Estructura Excel";;;
a04_d_x_sum_equals;A04;D;X;Migrantes;"Suma igual al Total";"Valida que la suma de las columnas X sea igual al total de la columna X (Filas 60–61). Variable: Migrantes. De lo contrario, se marca como observación.";"Suma(X) = Columna X";;"Filas 60–61";Error;Activa;"Estructura Excel";;;
a04_h.2_b_sum_equals;A04;H.2;B;TOTAL;"Suma igual al Total";"Valida que la suma de las columnas C + D + E sea igual al total de la columna B (Fila 101). Variable: TOTAL. De lo contrario, se marca como observación.";"Suma(C + D + E) = Columna B";;"Fila 101";Error;Activa;"Estructura Excel";;;
a04_i.1_k_sum_equals;A04;I.1;K;"Recetas despachadas con oportunidad (Entregado el mismo día)";"Suma igual al Total";"Valida que la suma de las columnas K sea igual al total de la columna K (Filas 114–116). Variable: Recetas despachadas con oportunidad (Entregado el mismo día). De lo contrario, se marca como observación.";"Suma(K) = Columna K";;"Filas 114–116";Error;Activa;"Estructura Excel";;;
a04_l_c_sum_equals;A04;L;C;TOTAL;"Suma igual al Total";"Valida que la suma de las columnas D + E + F + G + H sea igual al total de la columna C (Fila 141). Variable: TOTAL. De lo contrario, se marca como observación.";"Suma(D + E + F + G + H) = Columna C";;"Fila 141";Error;Activa;"Estructura Excel";;;
a04_m_c_sum_equals;A04;M;C;"Ambos Sexos";"Suma igual al Total";"Valida que la suma de las columnas D + E sea igual al total de la columna C (Fila 154). Variable: Ambos Sexos. De lo contrario, se marca como observación.";"Suma(D + E) = Columna C";;"Fila 154";Error;Activa;"Estructura Excel";;;
a04_m_d_sum_equals;A04;M;D;Hombres;"Suma igual al Total";"Valida que la suma de las columnas F + H + J + L + N + P + R + T + V + X + Z + AB + AD + AF + AH + AJ + AL sea igual al total de la columna D. Variable: Hombres. De lo contrario, se marca como observación.";"Suma(F + H + J + L + N + P + R + T + V + X + Z + AB + AD + AF + AH + AJ + AL) = Columna D";;—;Error;Activa;"Estructura Excel";;;
a04_m_e_sum_equals;A04;M;E;Mujeres;"Suma igual al Total";"Valida que la suma de las columnas G + I + K + M + O + Q + S + U + W + Y + AA + AC + AE + AG + AI + AK + AM sea igual al total de la columna E. Variable: Mujeres. De lo contrario, se marca como observación.";"Suma(G + I + K + M + O + Q + S + U + W + Y + AA + AC + AE + AG + AI + AK + AM) = Columna E";;—;Error;Activa;"Estructura Excel";;;
a04_o_b_sum_equals;A04;O;B;"Total de atenciones niños(as) en modalidades de apoyo";"Suma igual al Total";"Valida que la suma de las columnas C + L + U sea igual al total de la columna B. Variable: Total de atenciones niños(as) en modalidades de apoyo. De lo contrario, se marca como observación.";"Suma(C + L + U) = Columna B";;—;Error;Activa;"Estructura Excel";;;
a04_p_b_sum_equals;A04;P;B;TOTAL;"Suma igual al Total";"Valida que la suma de las columnas C + D sea igual al total de la columna B (Fila 186). Variable: TOTAL. De lo contrario, se marca como observación.";"Suma(C + D) = Columna B";;"Fila 186";Error;Activa;"Estructura Excel";;;
a04_q_b_sum_equals;A04;Q;B;TOTAL;"Suma igual al Total";"Valida que la suma de las columnas C + D + E sea igual al total de la columna B (Fila 193). Variable: TOTAL. De lo contrario, se marca como observación.";"Suma(C + D + E) = Columna B";;"Fila 193";Error;Activa;"Estructura Excel";;;
a04_r_b_sum_equals;A04;R;B;TOTAL;"Suma igual al Total";"Valida que la suma de las columnas C + D + E sea igual al total de la columna B (Fila 202). Variable: TOTAL. De lo contrario, se marca como observación.";"Suma(C + D + E) = Columna B";;"Fila 202";Error;Activa;"Estructura Excel";;;
a04_s_c_sum_equals;A04;S;C;TOTAL;"Suma igual al Total";"Valida que la suma de las columnas D + E + F sea igual al total de la columna C (Fila 210). Variable: TOTAL. De lo contrario, se marca como observación.";"Suma(D + E + F) = Columna C";;"Fila 210";Error;Activa;"Estructura Excel";;;
a04_t_b_sum_equals;A04;T;B;TOTAL;"Suma igual al Total";"Valida que la suma de las columnas C + D + E sea igual al total de la columna B (Fila 217). Variable: TOTAL. De lo contrario, se marca como observación.";"Suma(C + D + E) = Columna B";;"Fila 217";Error;Activa;"Estructura Excel";;;
a05_a_c_sum_equals;A05;A;C;TOTAL;"Suma igual al Total";"Valida que la suma de las columnas D + E + F + G + H + I + J + K + L + M + N sea igual al total de la columna C (Fila 11). Variable: TOTAL. De lo contrario, se marca como observación.";"Suma(D + E + F + G + H + I + J + K + L + M + N) = Columna C";;"Fila 11";Error;Activa;"Estructura Excel";;;
a05_c_aa_sum_equals;A05;C;AA;"Personas con Discpacidad";"Suma igual al Total";"Valida que la suma de las columnas AA sea igual al total de la columna AA (Filas 36–49). Variable: Personas con Discpacidad. De lo contrario, se marca como observación.";"Suma(AA) = Columna AA";;"Filas 36–49";Error;Activa;"Estructura Excel";;;
a05_c_c_sum_equals;A05;C;C;TOTAL;"Suma igual al Total";"Valida que la suma de las columnas D + E + F + G + H + I + J + K + L + M + N + O + P sea igual al total de la columna C (Fila 35). Variable: TOTAL. De lo contrario, se marca como observación.";"Suma(D + E + F + G + H + I + J + K + L + M + N + O + P) = Columna C";;"Fila 35";Error;Activa;"Estructura Excel";;;
a05_c_q_sum_equals;A05;C;Q;"Espacios Amigables/ Adolescentes";"Suma igual al Total";"Valida que la suma de las columnas Q sea igual al total de la columna Q (Filas 36–49). Variable: Espacios Amigables/ Adolescentes. De lo contrario, se marca como observación.";"Suma(Q) = Columna Q";;"Filas 36–49";Error;Activa;"Estructura Excel";;;
a05_c_r_sum_equals;A05;C;R;"Ingreso por cambio de Método Anticonceptivo";"Suma igual al Total";"Valida que la suma de las columnas R sea igual al total de la columna R (Filas 36–49). Variable: Ingreso por cambio de Método Anticonceptivo. De lo contrario, se marca como observación.";"Suma(R) = Columna R";;"Filas 36–49";Error;Activa;"Estructura Excel";;;
a05_c_s_sum_equals;A05;C;S;"Pueblos Originarios";"Suma igual al Total";"Valida que la suma de las columnas S sea igual al total de la columna S (Filas 36–49). Variable: Pueblos Originarios. De lo contrario, se marca como observación.";"Suma(S) = Columna S";;"Filas 36–49";Error;Activa;"Estructura Excel";;;
a05_c_v_sum_equals;A05;C;V;"Inicio precoz de MAC nivel secundario y terciario";"Suma igual al Total";"Valida que la suma de las columnas V sea igual al total de la columna V (Filas 36–49). Variable: Inicio precoz de MAC nivel secundario y terciario. De lo contrario, se marca como observación.";"Suma(V) = Columna V";;"Filas 36–49";Error;Activa;"Estructura Excel";;;
a05_c_w_sum_equals;A05;C;W;"Ingreso a Anticoncepción post aborto";"Suma igual al Total";"Valida que la suma de las columnas W sea igual al total de la columna W (Filas 36–49). Variable: Ingreso a Anticoncepción post aborto. De lo contrario, se marca como observación.";"Suma(W) = Columna W";;"Filas 36–49";Error;Activa;"Estructura Excel";;;
a05_c1_c_sum_equals;A05;C1;C;TOTAL;"Suma igual al Total";"Valida que la suma de las columnas D + E + F + G + H + I + J + K + L + M + N + O + P sea igual al total de la columna C (Fila 55). Variable: TOTAL. De lo contrario, se marca como observación.";"Suma(D + E + F + G + H + I + J + K + L + M + N + O + P) = Columna C";;"Fila 55";Error;Activa;"Estructura Excel";;;
a05_c2_c_sum_equals;A05;C2;C;TOTAL;"Suma igual al Total";"Valida que la suma de las columnas D + E + F + G + H + I + J + K + L + M + N + O + P sea igual al total de la columna C (Fila 63). Variable: TOTAL. De lo contrario, se marca como observación.";"Suma(D + E + F + G + H + I + J + K + L + M + N + O + P) = Columna C";;"Fila 63";Error;Activa;"Estructura Excel";;;
a05_c2_q_sum_equals;A05;C2;Q;"Pueblos Originarios";"Suma igual al Total";"Valida que la suma de las columnas Q sea igual al total de la columna Q (Filas 64–76). Variable: Pueblos Originarios. De lo contrario, se marca como observación.";"Suma(Q) = Columna Q";;"Filas 64–76";Error;Activa;"Estructura Excel";;;
a05_c2_r_sum_equals;A05;C2;R;Migrantes;"Suma igual al Total";"Valida que la suma de las columnas R sea igual al total de la columna R (Filas 64–76). Variable: Migrantes. De lo contrario, se marca como observación.";"Suma(R) = Columna R";;"Filas 64–76";Error;Activa;"Estructura Excel";;;
a05_e_c_sum_equals;A05;E;C;TOTAL;"Suma igual al Total";"Valida que la suma de las columnas D + E sea igual al total de la columna C (Fila 89). Variable: TOTAL. De lo contrario, se marca como observación.";"Suma(D + E) = Columna C";;"Fila 89";Error;Activa;"Estructura Excel";;;
a05_k_n_sum_equals;A05;K;N;"Pueblos Originarios";"Suma igual al Total";"Valida que la suma de las columnas N sea igual al total de la columna N (Filas 154–156). Variable: Pueblos Originarios. De lo contrario, se marca como observación.";"Suma(N) = Columna N";;"Filas 154–156";Error;Activa;"Estructura Excel";;;
a05_k_o_sum_equals;A05;K;O;Migrantes;"Suma igual al Total";"Valida que la suma de las columnas O sea igual al total de la columna O (Filas 154–156). Variable: Migrantes. De lo contrario, se marca como observación.";"Suma(O) = Columna O";;"Filas 154–156";Error;Activa;"Estructura Excel";;;
a05_l_q_sum_equals;A05;L;Q;"Pueblos Originarios";"Suma igual al Total";"Valida que la suma de las columnas Q sea igual al total de la columna Q (Filas 167–169). Variable: Pueblos Originarios. De lo contrario, se marca como observación.";"Suma(Q) = Columna Q";;"Filas 167–169";Error;Activa;"Estructura Excel";;;
a05_l_r_sum_equals;A05;L;R;Migrantes;"Suma igual al Total";"Valida que la suma de las columnas R sea igual al total de la columna R (Filas 167–169). Variable: Migrantes. De lo contrario, se marca como observación.";"Suma(R) = Columna R";;"Filas 167–169";Error;Activa;"Estructura Excel";;;
a05_m_p_sum_equals;A05;M;P;"Pueblos Originarios";"Suma igual al Total";"Valida que la suma de las columnas P sea igual al total de la columna P (Filas 180–182). Variable: Pueblos Originarios. De lo contrario, se marca como observación.";"Suma(P) = Columna P";;"Filas 180–182";Error;Activa;"Estructura Excel";;;
a05_m_q_sum_equals;A05;M;Q;Migrantes;"Suma igual al Total";"Valida que la suma de las columnas Q sea igual al total de la columna Q (Filas 180–182). Variable: Migrantes. De lo contrario, se marca como observación.";"Suma(Q) = Columna Q";;"Filas 180–182";Error;Activa;"Estructura Excel";;;
a05_q_as_sum_equals;A05;Q;AS;"Pueblos Originarios";"Suma igual al Total";"Valida que la suma de las columnas AS sea igual al total de la columna AS (Filas 307–324). Variable: Pueblos Originarios. De lo contrario, se marca como observación.";"Suma(AS) = Columna AS";;"Filas 307–324";Error;Activa;"Estructura Excel";;;
a05_q_at_sum_equals;A05;Q;AT;Migrantes;"Suma igual al Total";"Valida que la suma de las columnas AT sea igual al total de la columna AT (Filas 307–324). Variable: Migrantes. De lo contrario, se marca como observación.";"Suma(AT) = Columna AT";;"Filas 307–324";Error;Activa;"Estructura Excel";;;
a05_q_au_sum_equals;A05;Q;AU;"SENAME/ Servicio Nacional de Reinserción social Juvenil";"Suma igual al Total";"Valida que la suma de las columnas AU sea igual al total de la columna AU (Filas 307–324). Variable: SENAME/ Servicio Nacional de Reinserción social Juvenil. De lo contrario, se marca como observación.";"Suma(AU) = Columna AU";;"Filas 307–324";Error;Activa;"Estructura Excel";;;
a05_q_av_sum_equals;A05;Q;AV;"Servicio Nacional Protección Especializada a la Niñez y Adolescencia";"Suma igual al Total";"Valida que la suma de las columnas AV sea igual al total de la columna AV (Filas 307–324). Variable: Servicio Nacional Protección Especializada a la Niñez y Adolescencia. De lo contrario, se marca como observación.";"Suma(AV) = Columna AV";;"Filas 307–324";Error;Activa;"Estructura Excel";;;
a05_w_b_sum_equals;A05;W;B;TOTAL;"Suma igual al Total";"Valida que la suma de las columnas C + D + E + F + G + H sea igual al total de la columna B (Fila 394). Variable: TOTAL. De lo contrario, se marca como observación.";"Suma(C + D + E + F + G + H) = Columna B";;"Fila 394";Error;Activa;"Estructura Excel";;;
a05_w_k_sum_equals;A05;W;K;"SENAME/ Servicio Nacional de Reinserción social Juvenil";"Suma igual al Total";"Valida que la suma de las columnas K sea igual al total de la columna K (Filas 396–398). Variable: SENAME/ Servicio Nacional de Reinserción social Juvenil. De lo contrario, se marca como observación.";"Suma(K) = Columna K";;"Filas 396–398";Error;Activa;"Estructura Excel";;;
a05_w_l_sum_equals;A05;W;L;"Servicio Nacional Protección Especializada a la Niñez y Adolescencia";"Suma igual al Total";"Valida que la suma de las columnas L sea igual al total de la columna L (Filas 396–398). Variable: Servicio Nacional Protección Especializada a la Niñez y Adolescencia. De lo contrario, se marca como observación.";"Suma(L) = Columna L";;"Filas 396–398";Error;Activa;"Estructura Excel";;;
a05_x_b_sum_equals;A05;X;B;TOTAL;"Suma igual al Total";"Valida que la suma de las columnas C + D sea igual al total de la columna B (Fila 409). Variable: TOTAL. De lo contrario, se marca como observación.";"Suma(C + D) = Columna B";;"Fila 409";Error;Activa;"Estructura Excel";;;
a06_a.1_an_sum_equals;A06;A.1;AN;Beneficiarios;"Suma igual al Total";"Valida que la suma de las columnas AN sea igual al total de la columna AN (Filas 12–21). Variable: Beneficiarios. De lo contrario, se marca como observación.";"Suma(AN) = Columna AN";;"Filas 12–21";Error;Activa;"Estructura Excel";;;
a06_a.1_ao_sum_equals;A06;A.1;AO;"SENAME/ Servicio Nacional de Reinserción social Juvenil";"Suma igual al Total";"Valida que la suma de las columnas AO sea igual al total de la columna AO (Filas 12–21). Variable: SENAME/ Servicio Nacional de Reinserción social Juvenil. De lo contrario, se marca como observación.";"Suma(AO) = Columna AO";;"Filas 12–21";Error;Activa;"Estructura Excel";;;
a06_a.1_ap_sum_equals;A06;A.1;AP;"Servicio Nacional Protección Especializada a la Niñez y Adolescencia";"Suma igual al Total";"Valida que la suma de las columnas AP sea igual al total de la columna AP (Filas 12–21). Variable: Servicio Nacional Protección Especializada a la Niñez y Adolescencia. De lo contrario, se marca como observación.";"Suma(AP) = Columna AP";;"Filas 12–21";Error;Activa;"Estructura Excel";;;
a06_a.1_aq_sum_equals;A06;A.1;AQ;"Pueblos Originarios";"Suma igual al Total";"Valida que la suma de las columnas AQ sea igual al total de la columna AQ (Filas 12–21). Variable: Pueblos Originarios. De lo contrario, se marca como observación.";"Suma(AQ) = Columna AQ";;"Filas 12–21";Error;Activa;"Estructura Excel";;;
a06_a.1_ar_sum_equals;A06;A.1;AR;Migrantes;"Suma igual al Total";"Valida que la suma de las columnas AR sea igual al total de la columna AR (Filas 12–21). Variable: Migrantes. De lo contrario, se marca como observación.";"Suma(AR) = Columna AR";;"Filas 12–21";Error;Activa;"Estructura Excel";;;
a06_a.1_as_sum_equals;A06;A.1;AS;Demencia;"Suma igual al Total";"Valida que la suma de las columnas AS sea igual al total de la columna AS (Filas 12–21). Variable: Demencia. De lo contrario, se marca como observación.";"Suma(AS) = Columna AS";;"Filas 12–21";Error;Activa;"Estructura Excel";;;
a06_a.1_av_sum_equals;A06;A.1;AV;"Cuidadores de personas con demencia";"Suma igual al Total";"Valida que la suma de las columnas AV sea igual al total de la columna AV (Filas 12–21). Variable: Cuidadores de personas con demencia. De lo contrario, se marca como observación.";"Suma(AV) = Columna AV";;"Filas 12–21";Error;Activa;"Estructura Excel";;;
a06_a.2_ap_sum_equals;A06;A.2;AP;"Pueblos Originarios";"Suma igual al Total";"Valida que la suma de las columnas AP sea igual al total de la columna AP (Filas 30–31). Variable: Pueblos Originarios. De lo contrario, se marca como observación.";"Suma(AP) = Columna AP";;"Filas 30–31";Error;Activa;"Estructura Excel";;;
a06_a.2_aq_sum_equals;A06;A.2;AQ;Migrantes;"Suma igual al Total";"Valida que la suma de las columnas AQ sea igual al total de la columna AQ (Filas 30–31). Variable: Migrantes. De lo contrario, se marca como observación.";"Suma(AQ) = Columna AQ";;"Filas 30–31";Error;Activa;"Estructura Excel";;;
a06_a.2_ar_sum_equals;A06;A.2;AR;"SENAME/ Servicio Nacional de Reinserción social Juvenil";"Suma igual al Total";"Valida que la suma de las columnas AR sea igual al total de la columna AR (Filas 30–31). Variable: SENAME/ Servicio Nacional de Reinserción social Juvenil. De lo contrario, se marca como observación.";"Suma(AR) = Columna AR";;"Filas 30–31";Error;Activa;"Estructura Excel";;;
a06_a.2_as_sum_equals;A06;A.2;AS;"Servicio Nacional Protección Especializada a la Niñez y Adolescencia";"Suma igual al Total";"Valida que la suma de las columnas AS sea igual al total de la columna AS (Filas 30–31). Variable: Servicio Nacional Protección Especializada a la Niñez y Adolescencia. De lo contrario, se marca como observación.";"Suma(AS) = Columna AS";;"Filas 30–31";Error;Activa;"Estructura Excel";;;
a06_a.2_at_sum_equals;A06;A.2;AT;"Personas con sospecha de demencia";"Suma igual al Total";"Valida que la suma de las columnas AT sea igual al total de la columna AT (Filas 30–31). Variable: Personas con sospecha de demencia. De lo contrario, se marca como observación.";"Suma(AT) = Columna AT";;"Filas 30–31";Error;Activa;"Estructura Excel";;;
a06_a.2_au_sum_equals;A06;A.2;AU;"Personas con diagnóstico de demencia";"Suma igual al Total";"Valida que la suma de las columnas AU sea igual al total de la columna AU (Filas 30–31). Variable: Personas con diagnóstico de demencia. De lo contrario, se marca como observación.";"Suma(AU) = Columna AU";;"Filas 30–31";Error;Activa;"Estructura Excel";;;
a06_a.2_b_sum_equals;A06;A.2;B;"TOTAL CONSULTORÍAS Y TELECONSULTORÍAS RECIBIDAS";"Suma igual al Total";"Valida que la suma de las columnas C + D sea igual al total de la columna B (Fila 30). Variable: TOTAL CONSULTORÍAS Y TELECONSULTORÍAS RECIBIDAS. De lo contrario, se marca como observación.";"Suma(C + D) = Columna B";;"Fila 30";Error;Activa;"Estructura Excel";;;
a06_a.3_b_sum_equals;A06;A.3;B;"TOTAL CONSULTORÍAS Y TELECONSULTORÍAS OTORGADAS";"Suma igual al Total";"Valida que la suma de las columnas C + D sea igual al total de la columna B (Fila 36). Variable: TOTAL CONSULTORÍAS Y TELECONSULTORÍAS OTORGADAS. De lo contrario, se marca como observación.";"Suma(C + D) = Columna B";;"Fila 36";Error;Activa;"Estructura Excel";;;
a06_c.2_b_sum_equals;A06;C.2;B;"Menos de 18 años";"Suma igual al Total";"Valida que la suma de las columnas B sea igual al total de la columna B (Filas 97–101). Variable: Menos de 18 años. De lo contrario, se marca como observación.";"Suma(B) = Columna B";;"Filas 97–101";Error;Activa;"Estructura Excel";;;
a06_c.2_c_sum_equals;A06;C.2;C;"18 y más años";"Suma igual al Total";"Valida que la suma de las columnas C sea igual al total de la columna C (Filas 97–101). Variable: 18 y más años. De lo contrario, se marca como observación.";"Suma(C) = Columna C";;"Filas 97–101";Error;Activa;"Estructura Excel";;;
a06_c.2_d_sum_equals;A06;C.2;D;"Nº informes";"Suma igual al Total";"Valida que la suma de las columnas D sea igual al total de la columna D (Filas 97–101). Variable: Nº informes. De lo contrario, se marca como observación.";"Suma(D) = Columna D";;"Filas 97–101";Error;Activa;"Estructura Excel";;;
a06_c.3_b_sum_equals;A06;C.3;B;"Menos de 18 años";"Suma igual al Total";"Valida que la suma de las columnas B sea igual al total de la columna B (Filas 106–108). Variable: Menos de 18 años. De lo contrario, se marca como observación.";"Suma(B) = Columna B";;"Filas 106–108";Error;Activa;"Estructura Excel";;;
a06_c.3_c_sum_equals;A06;C.3;C;"18 y más años";"Suma igual al Total";"Valida que la suma de las columnas C sea igual al total de la columna C (Filas 106–108). Variable: 18 y más años. De lo contrario, se marca como observación.";"Suma(C) = Columna C";;"Filas 106–108";Error;Activa;"Estructura Excel";;;
a06_c.3_d_sum_equals;A06;C.3;D;"Nº informes";"Suma igual al Total";"Valida que la suma de las columnas D sea igual al total de la columna D (Filas 106–108). Variable: Nº informes. De lo contrario, se marca como observación.";"Suma(D) = Columna D";;"Filas 106–108";Error;Activa;"Estructura Excel";;;
a06_c.3_e_sum_equals;A06;C.3;E;"SENAME/ Servicio Nacional de Reinserción social Juvenil";"Suma igual al Total";"Valida que la suma de las columnas E sea igual al total de la columna E (Filas 106–108). Variable: SENAME/ Servicio Nacional de Reinserción social Juvenil. De lo contrario, se marca como observación.";"Suma(E) = Columna E";;"Filas 106–108";Error;Activa;"Estructura Excel";;;
a06_c.3_f_sum_equals;A06;C.3;F;"Servicio Nacional Protección Especializada a la Niñez y Adolescencia";"Suma igual al Total";"Valida que la suma de las columnas F sea igual al total de la columna F (Filas 106–108). Variable: Servicio Nacional Protección Especializada a la Niñez y Adolescencia. De lo contrario, se marca como observación.";"Suma(F) = Columna F";;"Filas 106–108";Error;Activa;"Estructura Excel";;;
a06_g_b_sum_equals;A06;G;B;TOTAL;"Suma igual al Total";"Valida que la suma de las columnas C + D sea igual al total de la columna B (Fila 130). Variable: TOTAL. De lo contrario, se marca como observación.";"Suma(C + D) = Columna B";;"Fila 130";Error;Activa;"Estructura Excel";;;
a06_h_an_sum_equals;A06;H;AN;Beneficiarios;"Suma igual al Total";"Valida que la suma de las columnas AN sea igual al total de la columna AN (Filas 135–137). Variable: Beneficiarios. De lo contrario, se marca como observación.";"Suma(AN) = Columna AN";;"Filas 135–137";Error;Activa;"Estructura Excel";;;
a06_h_ao_sum_equals;A06;H;AO;"SENAME/ Servicio Nacional de Reinserción social Juvenil";"Suma igual al Total";"Valida que la suma de las columnas AO sea igual al total de la columna AO (Filas 135–137). Variable: SENAME/ Servicio Nacional de Reinserción social Juvenil. De lo contrario, se marca como observación.";"Suma(AO) = Columna AO";;"Filas 135–137";Error;Activa;"Estructura Excel";;;
a06_h_ap_sum_equals;A06;H;AP;"Servicio Nacional Protección Especializada a la Niñez y Adolescencia";"Suma igual al Total";"Valida que la suma de las columnas AP sea igual al total de la columna AP (Filas 135–137). Variable: Servicio Nacional Protección Especializada a la Niñez y Adolescencia. De lo contrario, se marca como observación.";"Suma(AP) = Columna AP";;"Filas 135–137";Error;Activa;"Estructura Excel";;;
a06_h_aq_sum_equals;A06;H;AQ;"Pueblos Originarios";"Suma igual al Total";"Valida que la suma de las columnas AQ sea igual al total de la columna AQ (Filas 135–137). Variable: Pueblos Originarios. De lo contrario, se marca como observación.";"Suma(AQ) = Columna AQ";;"Filas 135–137";Error;Activa;"Estructura Excel";;;
a06_h_ar_sum_equals;A06;H;AR;Migrantes;"Suma igual al Total";"Valida que la suma de las columnas AR sea igual al total de la columna AR (Filas 135–137). Variable: Migrantes. De lo contrario, se marca como observación.";"Suma(AR) = Columna AR";;"Filas 135–137";Error;Activa;"Estructura Excel";;;
a06_l_m_sum_equals;A06;L;M;"Atención Abierta";"Suma igual al Total";"Valida que la suma de las columnas M sea igual al total de la columna M (Filas 179–180). Variable: Atención Abierta. De lo contrario, se marca como observación.";"Suma(M) = Columna M";;"Filas 179–180";Error;Activa;"Estructura Excel";;;
a06_l_n_sum_equals;A06;L;N;"Atención Cerrada";"Suma igual al Total";"Valida que la suma de las columnas N sea igual al total de la columna N (Filas 179–180). Variable: Atención Cerrada. De lo contrario, se marca como observación.";"Suma(N) = Columna N";;"Filas 179–180";Error;Activa;"Estructura Excel";;;
a07_a.1_ad_sum_equals;A07;A.1;AD;"Consultas Médicas por Operativos (no incluidas en produccion)";"Suma igual al Total";"Valida que la suma de las columnas AD sea igual al total de la columna AD (Filas 71–125). Variable: Consultas Médicas por Operativos (no incluidas en produccion). De lo contrario, se marca como observación.";"Suma(AD) = Columna AD";;"Filas 71–125";Error;Activa;"Estructura Excel";;;
a07_a.1_w_sum_equals;A07;A.1;W;"CONSULTA ABREVIADA (Confección de recetas o lectura de exámenes)";"Suma igual al Total";"Valida que la suma de las columnas W sea igual al total de la columna W (Filas 71–125). Variable: CONSULTA ABREVIADA (Confección de recetas o lectura de exámenes). De lo contrario, se marca como observación.";"Suma(W) = Columna W";;"Filas 71–125";Error;Activa;"Estructura Excel";;;
a07_b_b_sum_equals;A07;B;B;TOTAL;"Suma igual al Total";"Valida que la suma de las columnas C + D + E + F + G + H + I + J + K + L + M + N + O + P + Q + R + S + T sea igual al total de la columna B (Fila 129). Variable: TOTAL. De lo contrario, se marca como observación.";"Suma(C + D + E + F + G + H + I + J + K + L + M + N + O + P + Q + R + S + T) = Columna B";;"Fila 129";Error;Activa;"Estructura Excel";;;
a07_b_c_sum_equals;A07;B;C;"0 - 4 años";"Suma igual al Total";"Valida que la suma de las columnas C sea igual al total de la columna C (Filas 129–145). Variable: 0 - 4 años. De lo contrario, se marca como observación.";"Suma(C) = Columna C";;"Filas 129–145";Error;Activa;"Estructura Excel";;;
a07_b_d_sum_equals;A07;B;D;"5 - 9 años";"Suma igual al Total";"Valida que la suma de las columnas D sea igual al total de la columna D (Filas 129–145). Variable: 5 - 9 años. De lo contrario, se marca como observación.";"Suma(D) = Columna D";;"Filas 129–145";Error;Activa;"Estructura Excel";;;
a07_b_e_sum_equals;A07;B;E;"10 - 14 años";"Suma igual al Total";"Valida que la suma de las columnas E sea igual al total de la columna E (Filas 129–145). Variable: 10 - 14 años. De lo contrario, se marca como observación.";"Suma(E) = Columna E";;"Filas 129–145";Error;Activa;"Estructura Excel";;;
a07_b_f_sum_equals;A07;B;F;"15 - 17 años";"Suma igual al Total";"Valida que la suma de las columnas F sea igual al total de la columna F (Filas 129–145). Variable: 15 - 17 años. De lo contrario, se marca como observación.";"Suma(F) = Columna F";;"Filas 129–145";Error;Activa;"Estructura Excel";;;
a07_b_g_sum_equals;A07;B;G;"18- 19 años";"Suma igual al Total";"Valida que la suma de las columnas G sea igual al total de la columna G (Filas 129–145). Variable: 18- 19 años. De lo contrario, se marca como observación.";"Suma(G) = Columna G";;"Filas 129–145";Error;Activa;"Estructura Excel";;;
a07_b_h_sum_equals;A07;B;H;"20 - 24 años";"Suma igual al Total";"Valida que la suma de las columnas H sea igual al total de la columna H (Filas 129–145). Variable: 20 - 24 años. De lo contrario, se marca como observación.";"Suma(H) = Columna H";;"Filas 129–145";Error;Activa;"Estructura Excel";;;
a07_b_i_sum_equals;A07;B;I;"25 - 29 años";"Suma igual al Total";"Valida que la suma de las columnas I sea igual al total de la columna I (Filas 129–145). Variable: 25 - 29 años. De lo contrario, se marca como observación.";"Suma(I) = Columna I";;"Filas 129–145";Error;Activa;"Estructura Excel";;;
a07_b_j_sum_equals;A07;B;J;"30 - 34 años";"Suma igual al Total";"Valida que la suma de las columnas J sea igual al total de la columna J (Filas 129–145). Variable: 30 - 34 años. De lo contrario, se marca como observación.";"Suma(J) = Columna J";;"Filas 129–145";Error;Activa;"Estructura Excel";;;
a07_b_k_sum_equals;A07;B;K;"35 - 39 años";"Suma igual al Total";"Valida que la suma de las columnas K sea igual al total de la columna K (Filas 129–145). Variable: 35 - 39 años. De lo contrario, se marca como observación.";"Suma(K) = Columna K";;"Filas 129–145";Error;Activa;"Estructura Excel";;;
a07_b_l_sum_equals;A07;B;L;"40 - 44 años";"Suma igual al Total";"Valida que la suma de las columnas L sea igual al total de la columna L (Filas 129–145). Variable: 40 - 44 años. De lo contrario, se marca como observación.";"Suma(L) = Columna L";;"Filas 129–145";Error;Activa;"Estructura Excel";;;
a07_b_m_sum_equals;A07;B;M;"45 - 49 años";"Suma igual al Total";"Valida que la suma de las columnas M sea igual al total de la columna M (Filas 129–145). Variable: 45 - 49 años. De lo contrario, se marca como observación.";"Suma(M) = Columna M";;"Filas 129–145";Error;Activa;"Estructura Excel";;;
a07_b_n_sum_equals;A07;B;N;"50 - 54 años";"Suma igual al Total";"Valida que la suma de las columnas N sea igual al total de la columna N (Filas 129–145). Variable: 50 - 54 años. De lo contrario, se marca como observación.";"Suma(N) = Columna N";;"Filas 129–145";Error;Activa;"Estructura Excel";;;
a07_b_o_sum_equals;A07;B;O;"55 - 59 años";"Suma igual al Total";"Valida que la suma de las columnas O sea igual al total de la columna O (Filas 129–145). Variable: 55 - 59 años. De lo contrario, se marca como observación.";"Suma(O) = Columna O";;"Filas 129–145";Error;Activa;"Estructura Excel";;;
a07_b_p_sum_equals;A07;B;P;"60 - 64 años";"Suma igual al Total";"Valida que la suma de las columnas P sea igual al total de la columna P (Filas 129–145). Variable: 60 - 64 años. De lo contrario, se marca como observación.";"Suma(P) = Columna P";;"Filas 129–145";Error;Activa;"Estructura Excel";;;
a07_b_q_sum_equals;A07;B;Q;"65 - 69 años";"Suma igual al Total";"Valida que la suma de las columnas Q sea igual al total de la columna Q (Filas 129–145). Variable: 65 - 69 años. De lo contrario, se marca como observación.";"Suma(Q) = Columna Q";;"Filas 129–145";Error;Activa;"Estructura Excel";;;
a07_b_r_sum_equals;A07;B;R;"70 - 74 años";"Suma igual al Total";"Valida que la suma de las columnas R sea igual al total de la columna R (Filas 129–145). Variable: 70 - 74 años. De lo contrario, se marca como observación.";"Suma(R) = Columna R";;"Filas 129–145";Error;Activa;"Estructura Excel";;;
a07_b_s_sum_equals;A07;B;S;"75 - 79 años";"Suma igual al Total";"Valida que la suma de las columnas S sea igual al total de la columna S (Filas 129–145). Variable: 75 - 79 años. De lo contrario, se marca como observación.";"Suma(S) = Columna S";;"Filas 129–145";Error;Activa;"Estructura Excel";;;
a07_b_t_sum_equals;A07;B;T;"80  años y mas";"Suma igual al Total";"Valida que la suma de las columnas T sea igual al total de la columna T (Filas 129–145). Variable: 80  años y mas. De lo contrario, se marca como observación.";"Suma(T) = Columna T";;"Filas 129–145";Error;Activa;"Estructura Excel";;;
a07_b_u_sum_equals;A07;B;U;"Trans Masculino";"Suma igual al Total";"Valida que la suma de las columnas U sea igual al total de la columna U (Filas 129–145). Variable: Trans Masculino. De lo contrario, se marca como observación.";"Suma(U) = Columna U";;"Filas 129–145";Error;Activa;"Estructura Excel";;;
a07_b_v_sum_equals;A07;B;V;"Trans Femenino";"Suma igual al Total";"Valida que la suma de las columnas V sea igual al total de la columna V (Filas 129–145). Variable: Trans Femenino. De lo contrario, se marca como observación.";"Suma(V) = Columna V";;"Filas 129–145";Error;Activa;"Estructura Excel";;;
a07_c_ap_sum_equals;A07;C;AP;Beneficiarios;"Suma igual al Total";"Valida que la suma de las columnas AP sea igual al total de la columna AP (Filas 151–161). Variable: Beneficiarios. De lo contrario, se marca como observación.";"Suma(AP) = Columna AP";;"Filas 151–161";Error;Activa;"Estructura Excel";;;
a07_c_aq_sum_equals;A07;C;AQ;"Total Controles (incluidos en grupo de edad)";"Suma igual al Total";"Valida que la suma de las columnas AQ sea igual al total de la columna AQ (Filas 151–161). Variable: Total Controles (incluidos en grupo de edad). De lo contrario, se marca como observación.";"Suma(AQ) = Columna AQ";;"Filas 151–161";Error;Activa;"Estructura Excel";;;
a07_c_ar_sum_equals;A07;C;AR;"Pueblos Originarios";"Suma igual al Total";"Valida que la suma de las columnas AR sea igual al total de la columna AR (Filas 151–161). Variable: Pueblos Originarios. De lo contrario, se marca como observación.";"Suma(AR) = Columna AR";;"Filas 151–161";Error;Activa;"Estructura Excel";;;
a07_c_as_sum_equals;A07;C;AS;Migrantes;"Suma igual al Total";"Valida que la suma de las columnas AS sea igual al total de la columna AS (Filas 151–161). Variable: Migrantes. De lo contrario, se marca como observación.";"Suma(AS) = Columna AS";;"Filas 151–161";Error;Activa;"Estructura Excel";;;
a07_f_c_sum_equals;A07;F;C;"Ambos sexos";"Suma igual al Total";"Valida que la suma de las columnas D + E sea igual al total de la columna C (Fila 196). Variable: Ambos sexos. De lo contrario, se marca como observación.";"Suma(D + E) = Columna C";;"Fila 196";Error;Activa;"Estructura Excel";;;
a07_f_d_sum_equals;A07;F;D;Hombres;"Suma igual al Total";"Valida que la suma de las columnas F + H + J + L + N + P + R sea igual al total de la columna D. Variable: Hombres. De lo contrario, se marca como observación.";"Suma(F + H + J + L + N + P + R) = Columna D";;—;Error;Activa;"Estructura Excel";;;
a07_f_e_sum_equals;A07;F;E;Mujeres;"Suma igual al Total";"Valida que la suma de las columnas G + I + K + M + O + Q + S sea igual al total de la columna E. Variable: Mujeres. De lo contrario, se marca como observación.";"Suma(G + I + K + M + O + Q + S) = Columna E";;—;Error;Activa;"Estructura Excel";;;
a07_g_c_sum_equals;A07;G;C;Total;"Suma igual al Total";"Valida que la suma de las columnas F + G + H + I sea igual al total de la columna C (Fila 207). Variable: Total. De lo contrario, se marca como observación.";"Suma(F + G + H + I) = Columna C";;"Fila 207";Error;Activa;"Estructura Excel";;;
a07_g_d_sum_equals;A07;G;D;Hombres;"Suma igual al Total";"Valida que la suma de las columnas F + H sea igual al total de la columna D. Variable: Hombres. De lo contrario, se marca como observación.";"Suma(F + H) = Columna D";;—;Error;Activa;"Estructura Excel";;;
a07_g_e_sum_equals;A07;G;E;Mujeres;"Suma igual al Total";"Valida que la suma de las columnas G + I sea igual al total de la columna E. Variable: Mujeres. De lo contrario, se marca como observación.";"Suma(G + I) = Columna E";;—;Error;Activa;"Estructura Excel";;;
a07_h_b_sum_equals;A07;H;B;TOTAL;"Suma igual al Total";"Valida que la suma de las columnas C + D + E + F + G + H + I + J sea igual al total de la columna B (Fila 213). Variable: TOTAL. De lo contrario, se marca como observación.";"Suma(C + D + E + F + G + H + I + J) = Columna B";;"Fila 213";Error;Activa;"Estructura Excel";;;
a08_c_b_sum_equals;A08;C;B;TOTAL;"Suma igual al Total";"Valida que la suma de las columnas C + D + E sea igual al total de la columna B (Fila 81). Variable: TOTAL. De lo contrario, se marca como observación.";"Suma(C + D + E) = Columna B";;"Fila 81";Error;Activa;"Estructura Excel";;;
a08_c_c_sum_equals;A08;C;C;"De turno";"Suma igual al Total";"Valida que la suma de las columnas C sea igual al total de la columna C (Filas 81–100). Variable: De turno. De lo contrario, se marca como observación.";"Suma(C) = Columna C";;"Filas 81–100";Error;Activa;"Estructura Excel";;;
a08_c_d_sum_equals;A08;C;D;"Consultor de llamada";"Suma igual al Total";"Valida que la suma de las columnas D sea igual al total de la columna D (Filas 81–100). Variable: Consultor de llamada. De lo contrario, se marca como observación.";"Suma(D) = Columna D";;"Filas 81–100";Error;Activa;"Estructura Excel";;;
a08_c_e_sum_equals;A08;C;E;Otros;"Suma igual al Total";"Valida que la suma de las columnas E sea igual al total de la columna E (Filas 81–100). Variable: Otros. De lo contrario, se marca como observación.";"Suma(E) = Columna E";;"Filas 81–100";Error;Activa;"Estructura Excel";;;
a08_d_an_sum_equals;A08;D;AN;Beneficiarios;"Suma igual al Total";"Valida que la suma de las columnas AN sea igual al total de la columna AN (Filas 107–113). Variable: Beneficiarios. De lo contrario, se marca como observación.";"Suma(AN) = Columna AN";;"Filas 107–113";Error;Activa;"Estructura Excel";;;
a08_d_ao_sum_equals;A08;D;AO;"Hospitalización Domiciliaria";"Suma igual al Total";"Valida que la suma de las columnas AO sea igual al total de la columna AO (Filas 107–109). Variable: Hospitalización Domiciliaria. De lo contrario, se marca como observación.";"Suma(AO) = Columna AO";;"Filas 107–109";Error;Activa;"Estructura Excel";;;
a08_h_c_sum_equals;A08;H;C;TOTAL;"Suma igual al Total";"Valida que la suma de las columnas D + E + F + G + H + I sea igual al total de la columna C (Fila 141). Variable: TOTAL. De lo contrario, se marca como observación.";"Suma(D + E + F + G + H + I) = Columna C";;"Fila 141";Error;Activa;"Estructura Excel";;;
a08_i_b_sum_equals;A08;I;B;Cantidad;"Suma igual al Total";"Valida que la suma de las columnas B sea igual al total de la columna B (Filas 146–157). Variable: Cantidad. De lo contrario, se marca como observación.";"Suma(B) = Columna B";;"Filas 146–157";Error;Activa;"Estructura Excel";;;
a08_p_b_sum_equals;A08;P;B;TOTAL;"Suma igual al Total";"Valida que la suma de las columnas C + D sea igual al total de la columna B (Fila 199). Variable: TOTAL. De lo contrario, se marca como observación.";"Suma(C + D) = Columna B";;"Fila 199";Error;Activa;"Estructura Excel";;;
a08_r_o_sum_equals;A08;R;O;"Indicación de Vacuna";"Suma igual al Total";"Valida que la suma de las columnas O sea igual al total de la columna O (Filas 211–215). Variable: Indicación de Vacuna. De lo contrario, se marca como observación.";"Suma(O) = Columna O";;"Filas 211–215";Error;Activa;"Estructura Excel";;;
a09_b_aq_sum_equals;A09;B;AQ;"12 años (incluido en el grupo de 10-14 años)";"Suma igual al Total";"Valida que la suma de las columnas AQ sea igual al total de la columna AQ (Filas 21–38). Variable: 12 años (incluido en el grupo de 10-14 años). De lo contrario, se marca como observación.";"Suma(AQ) = Columna AQ";;"Filas 21–38";Error;Activa;"Estructura Excel";;;
a09_b_ar_sum_equals;A09;B;AR;Gestantes;"Suma igual al Total";"Valida que la suma de las columnas AR sea igual al total de la columna AR (Filas 21–38). Variable: Gestantes. De lo contrario, se marca como observación.";"Suma(AR) = Columna AR";;"Filas 21–38";Error;Activa;"Estructura Excel";;;
a09_b_as_sum_equals;A09;B;AS;"60 años (incluido en grupos de 60-64 años)";"Suma igual al Total";"Valida que la suma de las columnas AS sea igual al total de la columna AS (Filas 21–38). Variable: 60 años (incluido en grupos de 60-64 años). De lo contrario, se marca como observación.";"Suma(AS) = Columna AS";;"Filas 21–38";Error;Activa;"Estructura Excel";;;
a09_b_at_sum_equals;A09;B;AT;"Compra de Servicio";"Suma igual al Total";"Valida que la suma de las columnas AT sea igual al total de la columna AT (Filas 21–38). Variable: Compra de Servicio. De lo contrario, se marca como observación.";"Suma(AT) = Columna AT";;"Filas 21–38";Error;Activa;"Estructura Excel";;;
a09_b_au_sum_equals;A09;B;AU;"Usuarios con Discapacidad";"Suma igual al Total";"Valida que la suma de las columnas AU sea igual al total de la columna AU (Filas 21–38). Variable: Usuarios con Discapacidad. De lo contrario, se marca como observación.";"Suma(AU) = Columna AU";;"Filas 21–38";Error;Activa;"Estructura Excel";;;
a09_b_av_sum_equals;A09;B;AV;Migrantes;"Suma igual al Total";"Valida que la suma de las columnas AV sea igual al total de la columna AV (Filas 21–38). Variable: Migrantes. De lo contrario, se marca como observación.";"Suma(AV) = Columna AV";;"Filas 21–38";Error;Activa;"Estructura Excel";;;
a09_b_aw_sum_equals;A09;B;AW;"SENAME/ Servicio Nacional de Reinserción social Juvenil";"Suma igual al Total";"Valida que la suma de las columnas AW sea igual al total de la columna AW (Filas 21–38). Variable: SENAME/ Servicio Nacional de Reinserción social Juvenil. De lo contrario, se marca como observación.";"Suma(AW) = Columna AW";;"Filas 21–38";Error;Activa;"Estructura Excel";;;
a09_b_ax_sum_equals;A09;B;AX;"Servicio Nacional Protección Especializada a la Niñez y Adolescencia";"Suma igual al Total";"Valida que la suma de las columnas AX sea igual al total de la columna AX (Filas 21–38). Variable: Servicio Nacional Protección Especializada a la Niñez y Adolescencia. De lo contrario, se marca como observación.";"Suma(AX) = Columna AX";;"Filas 21–38";Error;Activa;"Estructura Excel";;;
a09_c_aq_sum_equals;A09;C;AQ;"12 años (incluido en el grupo de 10-14 años)";"Suma igual al Total";"Valida que la suma de las columnas AQ sea igual al total de la columna AQ (Filas 51–56). Variable: 12 años (incluido en el grupo de 10-14 años). De lo contrario, se marca como observación.";"Suma(AQ) = Columna AQ";;"Filas 51–56";Error;Activa;"Estructura Excel";;;
a09_c_ar_sum_equals;A09;C;AR;Gestantes;"Suma igual al Total";"Valida que la suma de las columnas AR sea igual al total de la columna AR (Filas 51–56). Variable: Gestantes. De lo contrario, se marca como observación.";"Suma(AR) = Columna AR";;"Filas 51–56";Error;Activa;"Estructura Excel";;;
a09_c_as_sum_equals;A09;C;AS;"60 años (incluido en grupos de 60-64 años)";"Suma igual al Total";"Valida que la suma de las columnas AS sea igual al total de la columna AS (Filas 51–56). Variable: 60 años (incluido en grupos de 60-64 años). De lo contrario, se marca como observación.";"Suma(AS) = Columna AS";;"Filas 51–56";Error;Activa;"Estructura Excel";;;
a09_c_at_sum_equals;A09;C;AT;"Usuarios con Discapacidad";"Suma igual al Total";"Valida que la suma de las columnas AT sea igual al total de la columna AT (Filas 51–56). Variable: Usuarios con Discapacidad. De lo contrario, se marca como observación.";"Suma(AT) = Columna AT";;"Filas 51–56";Error;Activa;"Estructura Excel";;;
a09_c_au_sum_equals;A09;C;AU;"SENAME/ Servicio Nacional de Reinserción social Juvenil";"Suma igual al Total";"Valida que la suma de las columnas AU sea igual al total de la columna AU (Filas 51–56). Variable: SENAME/ Servicio Nacional de Reinserción social Juvenil. De lo contrario, se marca como observación.";"Suma(AU) = Columna AU";;"Filas 51–56";Error;Activa;"Estructura Excel";;;
a09_c_av_sum_equals;A09;C;AV;"Servicio Nacional Protección Especializada a la Niñez y Adolescencia";"Suma igual al Total";"Valida que la suma de las columnas AV sea igual al total de la columna AV (Filas 51–56). Variable: Servicio Nacional Protección Especializada a la Niñez y Adolescencia. De lo contrario, se marca como observación.";"Suma(AV) = Columna AV";;"Filas 51–56";Error;Activa;"Estructura Excel";;;
a09_c_aw_sum_equals;A09;C;AW;Migrantes;"Suma igual al Total";"Valida que la suma de las columnas AW sea igual al total de la columna AW (Filas 51–56). Variable: Migrantes. De lo contrario, se marca como observación.";"Suma(AW) = Columna AW";;"Filas 51–56";Error;Activa;"Estructura Excel";;;
a09_c_ax_sum_equals;A09;C;AX;"Persona con ingreso integral y condición crónica";"Suma igual al Total";"Valida que la suma de las columnas AX sea igual al total de la columna AX (Filas 51–56). Variable: Persona con ingreso integral y condición crónica. De lo contrario, se marca como observación.";"Suma(AX) = Columna AX";;"Filas 51–56";Error;Activa;"Estructura Excel";;;
a09_f.1_b_sum_equals;A09;F.1;B;"Total Cirugía Menor";"Suma igual al Total";"Valida que la suma de las columnas C + D + E sea igual al total de la columna B (Fila 148). Variable: Total Cirugía Menor. De lo contrario, se marca como observación.";"Suma(C + D + E) = Columna B";;"Fila 148";Error;Activa;"Estructura Excel";;;
a09_f.1_c_sum_equals;A09;F.1;C;"Cirugía Menor en Sala de procedimiento invasivo";"Suma igual al Total";"Valida que la suma de las columnas C sea igual al total de la columna C (Filas 148–157). Variable: Cirugía Menor en Sala de procedimiento invasivo. De lo contrario, se marca como observación.";"Suma(C) = Columna C";;"Filas 148–157";Error;Activa;"Estructura Excel";;;
a09_f.1_d_sum_equals;A09;F.1;D;"Cirugía Menor en Quirófano de menor complejidad";"Suma igual al Total";"Valida que la suma de las columnas D sea igual al total de la columna D (Filas 148–157). Variable: Cirugía Menor en Quirófano de menor complejidad. De lo contrario, se marca como observación.";"Suma(D) = Columna D";;"Filas 148–157";Error;Activa;"Estructura Excel";;;
a09_f.1_e_sum_equals;A09;F.1;E;"Cirugía menor Quirófano de mayor complejidad";"Suma igual al Total";"Valida que la suma de las columnas E sea igual al total de la columna E (Filas 148–157). Variable: Cirugía menor Quirófano de mayor complejidad. De lo contrario, se marca como observación.";"Suma(E) = Columna E";;"Filas 148–157";Error;Activa;"Estructura Excel";;;
a09_f.1_f_sum_equals;A09;F.1;F;"Implantes dentales";"Suma igual al Total";"Valida que la suma de las columnas F sea igual al total de la columna F. Variable: Implantes dentales. De lo contrario, se marca como observación.";"Suma(F) = Columna F";;—;Error;Activa;"Estructura Excel";;;
a09_f.1_g_sum_equals;A09;F.1;G;"Cirugía Tercer molar";"Suma igual al Total";"Valida que la suma de las columnas G sea igual al total de la columna G (Filas 148–157). Variable: Cirugía Tercer molar. De lo contrario, se marca como observación.";"Suma(G) = Columna G";;"Filas 148–157";Error;Activa;"Estructura Excel";;;
a09_f.1_h_sum_equals;A09;F.1;H;Discapacidad;"Suma igual al Total";"Valida que la suma de las columnas H sea igual al total de la columna H (Filas 148–157). Variable: Discapacidad. De lo contrario, se marca como observación.";"Suma(H) = Columna H";;"Filas 148–157";Error;Activa;"Estructura Excel";;;
a09_f.1_i_sum_equals;A09;F.1;I;"Total de cirugias mayores en Quirófano de mayor  complejidad";"Suma igual al Total";"Valida que la suma de las columnas J + K sea igual al total de la columna I (Fila 148). Variable: Total de cirugias mayores en Quirófano de mayor  complejidad. De lo contrario, se marca como observación.";"Suma(J + K) = Columna I";;"Fila 148";Error;Activa;"Estructura Excel";;;
a09_f.1_j_sum_equals;A09;F.1;J;"Cirugía Mayor Ambulatoria Electiva/Urgencia en quirófano de mayor complejidad";"Suma igual al Total";"Valida que la suma de las columnas J sea igual al total de la columna J (Filas 148–157). Variable: Cirugía Mayor Ambulatoria Electiva/Urgencia en quirófano de mayor complejidad. De lo contrario, se marca como observación.";"Suma(J) = Columna J";;"Filas 148–157";Error;Activa;"Estructura Excel";;;
a09_f.1_k_sum_equals;A09;F.1;K;"Cirugía Mayor No Ambulatoria Electiva/Urgencia en quirófano de mayor complejidad";"Suma igual al Total";"Valida que la suma de las columnas K sea igual al total de la columna K (Filas 148–157). Variable: Cirugía Mayor No Ambulatoria Electiva/Urgencia en quirófano de mayor complejidad. De lo contrario, se marca como observación.";"Suma(K) = Columna K";;"Filas 148–157";Error;Activa;"Estructura Excel";;;
a09_f.1_l_sum_equals;A09;F.1;L;"Implantes dentales";"Suma igual al Total";"Valida que la suma de las columnas L sea igual al total de la columna L. Variable: Implantes dentales. De lo contrario, se marca como observación.";"Suma(L) = Columna L";;—;Error;Activa;"Estructura Excel";;;
a09_f.1_m_sum_equals;A09;F.1;M;"Cirugía Tercer molar";"Suma igual al Total";"Valida que la suma de las columnas M sea igual al total de la columna M (Filas 148–157). Variable: Cirugía Tercer molar. De lo contrario, se marca como observación.";"Suma(M) = Columna M";;"Filas 148–157";Error;Activa;"Estructura Excel";;;
a09_f.1_n_sum_equals;A09;F.1;N;Discapacidad;"Suma igual al Total";"Valida que la suma de las columnas N sea igual al total de la columna N (Filas 148–157). Variable: Discapacidad. De lo contrario, se marca como observación.";"Suma(N) = Columna N";;"Filas 148–157";Error;Activa;"Estructura Excel";;;
a09_f.2_aq_sum_equals;A09;F.2;AQ;"12 años (incluidos en  grupo de 10-14 años)";"Suma igual al Total";"Valida que la suma de las columnas AQ sea igual al total de la columna AQ (Filas 163–173). Variable: 12 años (incluidos en  grupo de 10-14 años). De lo contrario, se marca como observación.";"Suma(AQ) = Columna AQ";;"Filas 163–173";Error;Activa;"Estructura Excel";;;
a09_f.2_ar_sum_equals;A09;F.2;AR;Gestantes;"Suma igual al Total";"Valida que la suma de las columnas AR sea igual al total de la columna AR (Filas 163–173). Variable: Gestantes. De lo contrario, se marca como observación.";"Suma(AR) = Columna AR";;"Filas 163–173";Error;Activa;"Estructura Excel";;;
a09_f.2_as_sum_equals;A09;F.2;AS;"60 años (incluido en grupos de 60-64 años)";"Suma igual al Total";"Valida que la suma de las columnas AS sea igual al total de la columna AS (Filas 163–173). Variable: 60 años (incluido en grupos de 60-64 años). De lo contrario, se marca como observación.";"Suma(AS) = Columna AS";;"Filas 163–173";Error;Activa;"Estructura Excel";;;
a09_f.2_at_sum_equals;A09;F.2;AT;"Compra de Servicio";"Suma igual al Total";"Valida que la suma de las columnas AT sea igual al total de la columna AT (Filas 163–173). Variable: Compra de Servicio. De lo contrario, se marca como observación.";"Suma(AT) = Columna AT";;"Filas 163–173";Error;Activa;"Estructura Excel";;;
a09_f.2_au_sum_equals;A09;F.2;AU;"Usuarios con Discapacidad";"Suma igual al Total";"Valida que la suma de las columnas AU sea igual al total de la columna AU (Filas 163–173). Variable: Usuarios con Discapacidad. De lo contrario, se marca como observación.";"Suma(AU) = Columna AU";;"Filas 163–173";Error;Activa;"Estructura Excel";;;
a09_f.2_av_sum_equals;A09;F.2;AV;"SENAME/ Servicio Nacional de Reinserción social Juvenil";"Suma igual al Total";"Valida que la suma de las columnas AV sea igual al total de la columna AV (Filas 163–173). Variable: SENAME/ Servicio Nacional de Reinserción social Juvenil. De lo contrario, se marca como observación.";"Suma(AV) = Columna AV";;"Filas 163–173";Error;Activa;"Estructura Excel";;;
a09_f.2_aw_sum_equals;A09;F.2;AW;"Servicio Nacional Protección Especializada a la Niñez y Adolescencia";"Suma igual al Total";"Valida que la suma de las columnas AW sea igual al total de la columna AW (Filas 163–173). Variable: Servicio Nacional Protección Especializada a la Niñez y Adolescencia. De lo contrario, se marca como observación.";"Suma(AW) = Columna AW";;"Filas 163–173";Error;Activa;"Estructura Excel";;;
a09_f.2_ax_sum_equals;A09;F.2;AX;Migrantes;"Suma igual al Total";"Valida que la suma de las columnas AX sea igual al total de la columna AX (Filas 163–173). Variable: Migrantes. De lo contrario, se marca como observación.";"Suma(AX) = Columna AX";;"Filas 163–173";Error;Activa;"Estructura Excel";;;
a09_g.1_ad_sum_equals;A09;G.1;AD;Total;"Suma igual al Total";"Valida que la suma de las columnas AE + AF + AG sea igual al total de la columna AD (Fila 232). Variable: Total. De lo contrario, se marca como observación.";"Suma(AE + AF + AG) = Columna AD";;"Fila 232";Error;Activa;"Estructura Excel";;;
a09_i_am_sum_equals;A09;I;AM;Gestantes;"Suma igual al Total";"Valida que la suma de las columnas AM sea igual al total de la columna AM. Variable: Gestantes. De lo contrario, se marca como observación.";"Suma(AM) = Columna AM";;—;Error;Activa;"Estructura Excel";;;
a09_i_an_sum_equals;A09;I;AN;"60 años (incluido en grupos de  60-64 años)";"Suma igual al Total";"Valida que la suma de las columnas AN sea igual al total de la columna AN. Variable: 60 años (incluido en grupos de  60-64 años). De lo contrario, se marca como observación.";"Suma(AN) = Columna AN";;—;Error;Activa;"Estructura Excel";;;
a09_i_aq_sum_equals;A09;I;AQ;Inasistente;"Suma igual al Total";"Valida que la suma de las columnas AQ sea igual al total de la columna AQ. Variable: Inasistente. De lo contrario, se marca como observación.";"Suma(AQ) = Columna AQ";;—;Error;Activa;"Estructura Excel";;;
a09_i_ar_sum_equals;A09;I;AR;"Compra de Servicio";"Suma igual al Total";"Valida que la suma de las columnas AR sea igual al total de la columna AR. Variable: Compra de Servicio. De lo contrario, se marca como observación.";"Suma(AR) = Columna AR";;—;Error;Activa;"Estructura Excel";;;
a09_i_as_sum_equals;A09;I;AS;"Ortodoncia interceptiva";"Suma igual al Total";"Valida que la suma de las columnas AS sea igual al total de la columna AS. Variable: Ortodoncia interceptiva. De lo contrario, se marca como observación.";"Suma(AS) = Columna AS";;—;Error;Activa;"Estructura Excel";;;
a09_i_at_sum_equals;A09;I;AT;"Usuarios con Discapacidad";"Suma igual al Total";"Valida que la suma de las columnas AT sea igual al total de la columna AT. Variable: Usuarios con Discapacidad. De lo contrario, se marca como observación.";"Suma(AT) = Columna AT";;—;Error;Activa;"Estructura Excel";;;
a09_i_au_sum_equals;A09;I;AU;"Usuarios Oncológicos";"Suma igual al Total";"Valida que la suma de las columnas AU sea igual al total de la columna AU. Variable: Usuarios Oncológicos. De lo contrario, se marca como observación.";"Suma(AU) = Columna AU";;—;Error;Activa;"Estructura Excel";;;
a09_i_av_sum_equals;A09;I;AV;"Contrarreferencia al alta";"Suma igual al Total";"Valida que la suma de las columnas AV sea igual al total de la columna AV. Variable: Contrarreferencia al alta. De lo contrario, se marca como observación.";"Suma(AV) = Columna AV";;—;Error;Activa;"Estructura Excel";;;
a09_i_ax_sum_equals;A09;I;AX;"Pueblos originarios";"Suma igual al Total";"Valida que la suma de las columnas AX sea igual al total de la columna AX. Variable: Pueblos originarios. De lo contrario, se marca como observación.";"Suma(AX) = Columna AX";;—;Error;Activa;"Estructura Excel";;;
a09_k_b_sum_equals;A09;K;B;ESPECIALIDADES;"Suma igual al Total";"Valida que la suma de las columnas CO + CP + CQ + CR + CS + CT + CU + CV + CW + CX + CY + CZ sea igual al total de la columna B (Filas 12–345). Variable: ESPECIALIDADES. De lo contrario, se marca como observación.";"Suma(CO + CP + CQ + CR + CS + CT + CU + CV + CW + CX + CY + CZ) = Columna B";;"Filas 12–345";Error;Activa;"Estructura Excel";;;
a11a_b_ca_required_and_le_parent;A11a;B;CA;"Pueblos Originarios";"Requerido y menor o igual al Total";"Valida que si la columna B (Total) tiene valor, entonces Pueblos Originarios debe tener un valor y este no puede superar el Total. Si la variable no corresponde, debe registrarse 0.";"Columna B > 0 AND Pueblos Originarios debe existir AND Pueblos Originarios <= Columna B";"=IF(AND(B22>0,C22=),"" * No olvide digitar la variable Pueblos Originarios. Digite cero si no tiene."",IF(C22>B22, "" * La variable Pueblos Originarios no puede ser mayor al Total."",))";—;Advertencia;Activa;"Estructura Excel";;;
a11a_b_cb_required_and_le_parent;A11a;B;CB;Migrantes;"Requerido y menor o igual al Total";"Valida que si la columna B (Total) tiene valor, entonces Migrantes debe tener un valor y este no puede superar el Total. Si la variable no corresponde, debe registrarse 0.";"Columna B > 0 AND Migrantes debe existir AND Migrantes <= Columna B";"=IF(AND(B22>0,D22=),"" * No olvide digitar la variable Migrantes. Digite cero si no tiene."",IF(D22>B22, "" * La variable Migrantes no puede ser mayor al Total."",))";—;Advertencia;Activa;"Estructura Excel";;;
a11a_b_cg_required_and_le_parent;A11a;B;CG;"Columna CG";"Requerido y menor o igual al Total";"Valida que si la columna B (Total) tiene valor, entonces Columna CG debe tener un valor y este no puede superar el Total. Si la variable no corresponde, debe registrarse 0.";"Columna B > 0 AND Columna CG debe existir AND Columna CG <= Columna B";=IF(AND(B22>0,C22=),1,IF(C22>B22,1,0));—;Advertencia;Activa;"Estructura Excel";;;
a11a_b_ch_required_and_le_parent;A11a;B;CH;"Columna CH";"Requerido y menor o igual al Total";"Valida que si la columna B (Total) tiene valor, entonces Columna CH debe tener un valor y este no puede superar el Total. Si la variable no corresponde, debe registrarse 0.";"Columna B > 0 AND Columna CH debe existir AND Columna CH <= Columna B";=IF(AND(B22>0,D22=),1,IF(D22>B22,1,0));—;Advertencia;Activa;"Estructura Excel";;;
a11a_c_b_sum_equals;A11a;C;B;"Columna B";"Suma igual al Total";"Valida que la suma de las columnas C + D + E + F + G + H + I + J + K sea igual al total de la columna B (Fila 28). Variable: Columna B. De lo contrario, se marca como observación.";"Suma(C + D + E + F + G + H + I + J + K) = Columna B";=SUM(C27:K27);"Fila 28";Error;Activa;"Estructura Excel";;;
a11a_c_ca_required_and_le_parent;A11a;C;CA;"Pueblos Originarios";"Requerido y menor o igual al Total";"Valida que si la columna B (Total) tiene valor, entonces Pueblos Originarios debe tener un valor y este no puede superar el Total. Si la variable no corresponde, debe registrarse 0.";"Columna B > 0 AND Pueblos Originarios debe existir AND Pueblos Originarios <= Columna B";"=IF(AND(B27>0,L27=),"" No olvide digitar la variable Pueblos Originarios. Digite cero si no tiene."",IF(L27>B27,"" * La variable Pueblos Originarios no puede ser mayor al Total."",))";—;Advertencia;Activa;"Estructura Excel";;;
a11a_c_cb_required_and_le_parent;A11a;C;CB;Migrantes;"Requerido y menor o igual al Total";"Valida que si la columna B (Total) tiene valor, entonces Migrantes debe tener un valor y este no puede superar el Total. Si la variable no corresponde, debe registrarse 0.";"Columna B > 0 AND Migrantes debe existir AND Migrantes <= Columna B";"=IF(AND(B27>0,M27=),"" No olvide digitar la variable Migrantes. Digite cero si no tiene."",IF(M27>B27,"" * La variable Migrantes no puede ser mayor al Total."",))";—;Advertencia;Activa;"Estructura Excel";;;
a11a_c_cg_required_and_le_parent;A11a;C;CG;"Columna CG";"Requerido y menor o igual al Total";"Valida que si la columna B (Total) tiene valor, entonces Columna CG debe tener un valor y este no puede superar el Total. Si la variable no corresponde, debe registrarse 0.";"Columna B > 0 AND Columna CG debe existir AND Columna CG <= Columna B";=IF(AND(B27>0,L27=),1,IF(L27>B27,1,0));—;Advertencia;Activa;"Estructura Excel";;;
a11a_c_ch_required_and_le_parent;A11a;C;CH;"Columna CH";"Requerido y menor o igual al Total";"Valida que si la columna B (Total) tiene valor, entonces Columna CH debe tener un valor y este no puede superar el Total. Si la variable no corresponde, debe registrarse 0.";"Columna B > 0 AND Columna CH debe existir AND Columna CH <= Columna B";=IF(AND(B27>0,M27=),1,IF(M27>B27,1,0));—;Advertencia;Activa;"Estructura Excel";;;
a11a_d_ca_required_and_le_parent;A11a;D;CA;"Pueblos Originarios";"Requerido y menor o igual al Total";"Valida que si la columna B (Total) tiene valor, entonces Pueblos Originarios debe tener un valor y este no puede superar el Total. Si la variable no corresponde, debe registrarse 0.";"Columna B > 0 AND Pueblos Originarios debe existir AND Pueblos Originarios <= Columna B";"=IF(AND(B35>0,C35=),"" No olvide digitar la variable Pueblos Originarios. Digite cero si no tiene."",IF(C35>B35,"" * La variable Pueblos Originarios no puede ser mayor al Total."",))";—;Advertencia;Activa;"Estructura Excel";;;
a11a_d_cb_required_and_le_parent;A11a;D;CB;Migrantes;"Requerido y menor o igual al Total";"Valida que si la columna B (Total) tiene valor, entonces Migrantes debe tener un valor y este no puede superar el Total. Si la variable no corresponde, debe registrarse 0.";"Columna B > 0 AND Migrantes debe existir AND Migrantes <= Columna B";"=IF(AND(B35>0,D35=),"" No olvide digitar la variable Migrantes. Digite cero si no tiene."",IF(D35>B35,"" * La variable Migrantes no puede ser mayor al Total."",))";—;Advertencia;Activa;"Estructura Excel";;;
a11a_d_cg_required_and_le_parent;A11a;D;CG;"Columna CG";"Requerido y menor o igual al Total";"Valida que si la columna B (Total) tiene valor, entonces Columna CG debe tener un valor y este no puede superar el Total. Si la variable no corresponde, debe registrarse 0.";"Columna B > 0 AND Columna CG debe existir AND Columna CG <= Columna B";=IF(AND(B35>0,C35=),1,IF(C35>B35,1,0));—;Advertencia;Activa;"Estructura Excel";;;
a11a_d_ch_required_and_le_parent;A11a;D;CH;"Columna CH";"Requerido y menor o igual al Total";"Valida que si la columna B (Total) tiene valor, entonces Columna CH debe tener un valor y este no puede superar el Total. Si la variable no corresponde, debe registrarse 0.";"Columna B > 0 AND Columna CH debe existir AND Columna CH <= Columna B";=IF(AND(B35>0,D35=),1,IF(D35>B35,1,0));—;Advertencia;Activa;"Estructura Excel";;;
a11a_e_b_sum_equals;A11a;E;B;"Columna B";"Suma igual al Total";"Valida que la suma de las columnas C + D + E + F + G + H + I + J + K sea igual al total de la columna B (Fila 41). Variable: Columna B. De lo contrario, se marca como observación.";"Suma(C + D + E + F + G + H + I + J + K) = Columna B";=SUM(C40:K40);"Fila 41";Error;Activa;"Estructura Excel";;;
a11a_e_ca_required_and_le_parent;A11a;E;CA;"Pueblos Originarios";"Requerido y menor o igual al Total";"Valida que si la columna B (Total) tiene valor, entonces Pueblos Originarios debe tener un valor y este no puede superar el Total. Si la variable no corresponde, debe registrarse 0.";"Columna B > 0 AND Pueblos Originarios debe existir AND Pueblos Originarios <= Columna B";"=IF(AND(B40>0,L40=),"" No olvide digitar la variable Pueblos Originarios. Digite cero si no tiene."",IF(L40>B40,"" * La variable Pueblos Originarios no puede ser mayor al Total."",))";—;Advertencia;Activa;"Estructura Excel";;;
a11a_e_cb_required_and_le_parent;A11a;E;CB;Migrantes;"Requerido y menor o igual al Total";"Valida que si la columna B (Total) tiene valor, entonces Migrantes debe tener un valor y este no puede superar el Total. Si la variable no corresponde, debe registrarse 0.";"Columna B > 0 AND Migrantes debe existir AND Migrantes <= Columna B";"=IF(AND(B40>0,M40=),"" No olvide digitar la variable Migrantes. Digite cero si no tiene."",IF(M40>B40,"" * La variable Migrantes no puede ser mayor al Total."",))";—;Advertencia;Activa;"Estructura Excel";;;
a11a_e_cg_required_and_le_parent;A11a;E;CG;"Columna CG";"Requerido y menor o igual al Total";"Valida que si la columna B (Total) tiene valor, entonces Columna CG debe tener un valor y este no puede superar el Total. Si la variable no corresponde, debe registrarse 0.";"Columna B > 0 AND Columna CG debe existir AND Columna CG <= Columna B";=IF(AND(B40>0,L40=),1,IF(L40>B40,1,0));—;Advertencia;Activa;"Estructura Excel";;;
a11a_e_ch_required_and_le_parent;A11a;E;CH;"Columna CH";"Requerido y menor o igual al Total";"Valida que si la columna B (Total) tiene valor, entonces Columna CH debe tener un valor y este no puede superar el Total. Si la variable no corresponde, debe registrarse 0.";"Columna B > 0 AND Columna CH debe existir AND Columna CH <= Columna B";=IF(AND(B40>0,M40=),1,IF(M40>B40,1,0));—;Advertencia;Activa;"Estructura Excel";;;
a11a_f_ca_required_and_le_parent;A11a;F;CA;"Pueblos Originarios";"Requerido y menor o igual al Total";"Valida que si la columna B (Total) tiene valor, entonces Pueblos Originarios debe tener un valor y este no puede superar el Total. Si la variable no corresponde, debe registrarse 0.";"Columna B > 0 AND Pueblos Originarios debe existir AND Pueblos Originarios <= Columna B";"=IF(AND(B50>0,C50=),"" No olvide digitar la variable Pueblos Originarios. Digite cero si no tiene."",IF(C50>B50,"" * La variable Pueblos Originarios no puede ser mayor al Total."",))";—;Advertencia;Activa;"Estructura Excel";;;
a11a_f_cb_required_and_le_parent;A11a;F;CB;Migrantes;"Requerido y menor o igual al Total";"Valida que si la columna B (Total) tiene valor, entonces Migrantes debe tener un valor y este no puede superar el Total. Si la variable no corresponde, debe registrarse 0.";"Columna B > 0 AND Migrantes debe existir AND Migrantes <= Columna B";"=IF(AND(B50>0,D50=),"" No olvide digitar la variable Migrantes. Digite cero si no tiene."",IF(D50>B50,"" * La variable Migrantes no puede ser mayor al Total."",))";—;Advertencia;Activa;"Estructura Excel";;;
a11a_f_cg_required_and_le_parent;A11a;F;CG;"Columna CG";"Requerido y menor o igual al Total";"Valida que si la columna B (Total) tiene valor, entonces Columna CG debe tener un valor y este no puede superar el Total. Si la variable no corresponde, debe registrarse 0.";"Columna B > 0 AND Columna CG debe existir AND Columna CG <= Columna B";=IF(AND(B50>0,C50=),1,IF(C50>B50,1,0));—;Advertencia;Activa;"Estructura Excel";;;
a11a_f_ch_required_and_le_parent;A11a;F;CH;"Columna CH";"Requerido y menor o igual al Total";"Valida que si la columna B (Total) tiene valor, entonces Columna CH debe tener un valor y este no puede superar el Total. Si la variable no corresponde, debe registrarse 0.";"Columna B > 0 AND Columna CH debe existir AND Columna CH <= Columna B";=IF(AND(B50>0,D50=),1,IF(D50>B50,1,0));—;Advertencia;Activa;"Estructura Excel";;;
a11a_g_ca_required_and_le_parent;A11a;G;CA;"Pueblos Originarios";"Requerido y menor o igual al Total";"Valida que si la columna B (Total) tiene valor, entonces Pueblos Originarios debe tener un valor y este no puede superar el Total. Si la variable no corresponde, debe registrarse 0.";"Columna B > 0 AND Pueblos Originarios debe existir AND Pueblos Originarios <= Columna B";"=IF(AND(B56>0,C56=),"" No olvide digitar la variable Pueblos Originarios. Digite cero si no tiene."",IF(C56>B56,"" * La variable Pueblos Originarios no puede ser mayor al Total."",))";—;Advertencia;Activa;"Estructura Excel";;;
a11a_g_cb_required_and_le_parent;A11a;G;CB;Migrantes;"Requerido y menor o igual al Total";"Valida que si la columna B (Total) tiene valor, entonces Migrantes debe tener un valor y este no puede superar el Total. Si la variable no corresponde, debe registrarse 0.";"Columna B > 0 AND Migrantes debe existir AND Migrantes <= Columna B";"=IF(AND(B56>0,D56=),"" No olvide digitar la variable Migrantes. Digite cero si no tiene."",IF(D56>B56,"" * La variable Migrantes no puede ser mayor al Total."",))";—;Advertencia;Activa;"Estructura Excel";;;
a11a_g_cg_required_and_le_parent;A11a;G;CG;"Columna CG";"Requerido y menor o igual al Total";"Valida que si la columna B (Total) tiene valor, entonces Columna CG debe tener un valor y este no puede superar el Total. Si la variable no corresponde, debe registrarse 0.";"Columna B > 0 AND Columna CG debe existir AND Columna CG <= Columna B";=IF(AND(B56>0,C56=),1,IF(C56>B56,1,0));—;Advertencia;Activa;"Estructura Excel";;;
a11a_g_ch_required_and_le_parent;A11a;G;CH;"Columna CH";"Requerido y menor o igual al Total";"Valida que si la columna B (Total) tiene valor, entonces Columna CH debe tener un valor y este no puede superar el Total. Si la variable no corresponde, debe registrarse 0.";"Columna B > 0 AND Columna CH debe existir AND Columna CH <= Columna B";=IF(AND(B56>0,D56=),1,IF(D56>B56,1,0));—;Advertencia;Activa;"Estructura Excel";;;
a11a_j_ca_required_and_le_parent;A11a;J;CA;"Pueblos Originarios";"Requerido y menor o igual al Total";"Valida que si la columna B (Total) tiene valor, entonces Pueblos Originarios debe tener un valor y este no puede superar el Total. Si la variable no corresponde, debe registrarse 0.";"Columna B > 0 AND Pueblos Originarios debe existir AND Pueblos Originarios <= Columna B";"=IF(AND(B91>0,C91=),"" No olvide digitar la variable Pueblos Originarios. Digite cero si no tiene."",IF(C91>B91,"" * La variable Pueblos Originarios no puede ser mayor al Total."",))";—;Advertencia;Activa;"Estructura Excel";;;
a11a_j_cb_required_and_le_parent;A11a;J;CB;Migrantes;"Requerido y menor o igual al Total";"Valida que si la columna B (Total) tiene valor, entonces Migrantes debe tener un valor y este no puede superar el Total. Si la variable no corresponde, debe registrarse 0.";"Columna B > 0 AND Migrantes debe existir AND Migrantes <= Columna B";"=IF(AND(B91>0,D91=),"" No olvide digitar la variable Migrantes. Digite cero si no tiene."",IF(D91>B91,"" * La variable Migrantes no puede ser mayor al Total."",))";—;Advertencia;Activa;"Estructura Excel";;;
a11a_j_cg_required_and_le_parent;A11a;J;CG;"Columna CG";"Requerido y menor o igual al Total";"Valida que si la columna B (Total) tiene valor, entonces Columna CG debe tener un valor y este no puede superar el Total. Si la variable no corresponde, debe registrarse 0.";"Columna B > 0 AND Columna CG debe existir AND Columna CG <= Columna B";=IF(AND(B91>0,C91=),1,IF(C91>B91,1,0));—;Advertencia;Activa;"Estructura Excel";;;
a11a_j_ch_required_and_le_parent;A11a;J;CH;"Columna CH";"Requerido y menor o igual al Total";"Valida que si la columna B (Total) tiene valor, entonces Columna CH debe tener un valor y este no puede superar el Total. Si la variable no corresponde, debe registrarse 0.";"Columna B > 0 AND Columna CH debe existir AND Columna CH <= Columna B";=IF(AND(B91>0,D91=),1,IF(D91>B91,1,0));—;Advertencia;Activa;"Estructura Excel";;;
a11a_k_ca_required_and_le_parent;A11a;K;CA;"Pueblos Originarios";"Requerido y menor o igual al Total";"Valida que si la columna B (Total) tiene valor, entonces Pueblos Originarios debe tener un valor y este no puede superar el Total. Si la variable no corresponde, debe registrarse 0.";"Columna B > 0 AND Pueblos Originarios debe existir AND Pueblos Originarios <= Columna B";"=IF(AND(B95>0,C95=),"" No olvide digitar la variable Pueblos Originarios. Digite cero si no tiene."",IF(C95>B95,"" * La variable Pueblos Originarios no puede ser mayor al Total."",))";—;Advertencia;Activa;"Estructura Excel";;;
a11a_k_cb_required_and_le_parent;A11a;K;CB;Migrantes;"Requerido y menor o igual al Total";"Valida que si la columna B (Total) tiene valor, entonces Migrantes debe tener un valor y este no puede superar el Total. Si la variable no corresponde, debe registrarse 0.";"Columna B > 0 AND Migrantes debe existir AND Migrantes <= Columna B";"=IF(AND(B95>0,D95=),"" No olvide digitar la variable Migrantes. Digite cero si no tiene."",IF(D95>B95,"" * La variable Migrantes no puede ser mayor al Total."",))";—;Advertencia;Activa;"Estructura Excel";;;
a11a_k_cg_required_and_le_parent;A11a;K;CG;"Columna CG";"Requerido y menor o igual al Total";"Valida que si la columna B (Total) tiene valor, entonces Columna CG debe tener un valor y este no puede superar el Total. Si la variable no corresponde, debe registrarse 0.";"Columna B > 0 AND Columna CG debe existir AND Columna CG <= Columna B";=IF(AND(B95>0,C95=),1,IF(C95>B95,1,0));—;Advertencia;Activa;"Estructura Excel";;;
a11a_k_ch_required_and_le_parent;A11a;K;CH;"Columna CH";"Requerido y menor o igual al Total";"Valida que si la columna B (Total) tiene valor, entonces Columna CH debe tener un valor y este no puede superar el Total. Si la variable no corresponde, debe registrarse 0.";"Columna B > 0 AND Columna CH debe existir AND Columna CH <= Columna B";=IF(AND(B95>0,D95=),1,IF(D95>B95,1,0));—;Advertencia;Activa;"Estructura Excel";;;
a11a_l_b_sum_equals;A11a;L;B;TOTAL;"Suma igual al Total";"Valida que la suma de las columnas C + D + E + F + G + H + I + J + K + L sea igual al total de la columna B (Fila 100). Variable: TOTAL. De lo contrario, se marca como observación.";"Suma(C + D + E + F + G + H + I + J + K + L) = Columna B";;"Fila 100";Error;Activa;"Estructura Excel";;;
a11a_m_b_sum_equals;A11a;M;B;TOTAL;"Suma igual al Total";"Valida que la suma de las columnas C + D + E + F + G + H + I + J + K + L + M + N + O + P + Q + R sea igual al total de la columna B (Fila 109). Variable: TOTAL. De lo contrario, se marca como observación.";"Suma(C + D + E + F + G + H + I + J + K + L + M + N + O + P + Q + R) = Columna B";;"Fila 109";Error;Activa;"Estructura Excel";;;
a19a_b.1_c_sum_equals;A19a;B.1;C;"TOTAL ACTIVIDADES";"Suma igual al Total";"Valida que la suma de las columnas D + E + F + G + H + I + J + K + L + M sea igual al total de la columna C (Fila 129). Variable: TOTAL ACTIVIDADES. De lo contrario, se marca como observación.";"Suma(D + E + F + G + H + I + J + K + L + M) = Columna C";;"Fila 129";Error;Activa;"Estructura Excel";;;
a19a_b.2_b_sum_equals;A19a;B.2;B;"TOTAL TALLERES";"Suma igual al Total";"Valida que la suma de las columnas C + D + E + F + G + H sea igual al total de la columna B (Fila 151). Variable: TOTAL TALLERES. De lo contrario, se marca como observación.";"Suma(C + D + E + F + G + H) = Columna B";;"Fila 151";Error;Activa;"Estructura Excel";;;
a19a_b.3_b_sum_equals;A19a;B.3;B;"TOTAL ACTIVIDADES";"Suma igual al Total";"Valida que la suma de las columnas C + D + E + F + G + H sea igual al total de la columna B (Fila 158). Variable: TOTAL ACTIVIDADES. De lo contrario, se marca como observación.";"Suma(C + D + E + F + G + H) = Columna B";;"Fila 158";Error;Activa;"Estructura Excel";;;
a19a_b.4_b_sum_equals;A19a;B.4;B;"TOTAL TALLERES";"Suma igual al Total";"Valida que la suma de las columnas D + E + F + G + H + I + J sea igual al total de la columna B (Fila 167). Variable: TOTAL TALLERES. De lo contrario, se marca como observación.";"Suma(D + E + F + G + H + I + J) = Columna B";;"Fila 167";Error;Activa;"Estructura Excel";;;
a19a_d_b_sum_equals;A19a;D;B;TOTAL;"Suma igual al Total";"Valida que la suma de las columnas C + D sea igual al total de la columna B (Fila 184). Variable: TOTAL. De lo contrario, se marca como observación.";"Suma(C + D) = Columna B";;"Fila 184";Error;Activa;"Estructura Excel";;;
a19b_a_g_sum_equals;A19b;A;G;"Reclamos Respondidos Fuera de Plazos Legales";"Suma igual al Total";"Valida que la suma de las columnas G sea igual al total de la columna G (Filas 12–51). Variable: Reclamos Respondidos Fuera de Plazos Legales. De lo contrario, se marca como observación.";"Suma(G) = Columna G";;"Filas 12–51";Error;Activa;"Estructura Excel";;;
a19b_a_l_sum_equals;A19b;A;L;"No Binarie";"Suma igual al Total";"Valida que la suma de las columnas L sea igual al total de la columna L (Filas 12–51). Variable: No Binarie. De lo contrario, se marca como observación.";"Suma(L) = Columna L";;"Filas 12–51";Error;Activa;"Estructura Excel";;;
a19b_a_m_sum_equals;A19b;A;M;"No revelado";"Suma igual al Total";"Valida que la suma de las columnas M sea igual al total de la columna M (Filas 12–51). Variable: No revelado. De lo contrario, se marca como observación.";"Suma(M) = Columna M";;"Filas 12–51";Error;Activa;"Estructura Excel";;;
a19b_a_n_sum_equals;A19b;A;N;"Pueblos Originarios";"Suma igual al Total";"Valida que la suma de las columnas N sea igual al total de la columna N (Filas 12–51). Variable: Pueblos Originarios. De lo contrario, se marca como observación.";"Suma(N) = Columna N";;"Filas 12–51";Error;Activa;"Estructura Excel";;;
a19b_a_o_sum_equals;A19b;A;O;Migrantes;"Suma igual al Total";"Valida que la suma de las columnas O sea igual al total de la columna O (Filas 12–51). Variable: Migrantes. De lo contrario, se marca como observación.";"Suma(O) = Columna O";;"Filas 12–51";Error;Activa;"Estructura Excel";;;
a19b_a_p_sum_equals;A19b;A;P;PRAIS;"Suma igual al Total";"Valida que la suma de las columnas P sea igual al total de la columna P (Filas 12–51). Variable: PRAIS. De lo contrario, se marca como observación.";"Suma(P) = Columna P";;"Filas 12–51";Error;Activa;"Estructura Excel";;;
a19b_b.1_b_sum_equals;A19b;B.1;B;TOTAL;"Suma igual al Total";"Valida que la suma de las columnas C + D + E + F + G + H + I + J + K + L sea igual al total de la columna B (Fila 62). Variable: TOTAL. De lo contrario, se marca como observación.";"Suma(C + D + E + F + G + H + I + J + K + L) = Columna B";;"Fila 62";Error;Activa;"Estructura Excel";;;
a19b_b.1_m_sum_equals;A19b;B.1;M;"Uso de TICS y/o Redes Sociales";"Suma igual al Total";"Valida que la suma de las columnas M sea igual al total de la columna M (Filas 62–73). Variable: Uso de TICS y/o Redes Sociales. De lo contrario, se marca como observación.";"Suma(M) = Columna M";;"Filas 62–73";Error;Activa;"Estructura Excel";;;
a19b_b.2_b_sum_equals;A19b;B.2;B;"N° DE SESIONES";"Suma igual al Total";"Valida que la suma de las columnas B sea igual al total de la columna B (Filas 78–91). Variable: N° DE SESIONES. De lo contrario, se marca como observación.";"Suma(B) = Columna B";;"Filas 78–91";Error;Activa;"Estructura Excel";;;
a19b_c.1_b_sum_equals;A19b;C.1;B;TOTAL;"Suma igual al Total";"Valida que la suma de las columnas C + D + E + F + G + H + I sea igual al total de la columna B (Fila 97). Variable: TOTAL. De lo contrario, se marca como observación.";"Suma(C + D + E + F + G + H + I) = Columna B";;"Fila 97";Error;Activa;"Estructura Excel";;;
a19b_c.1_c_sum_equals;A19b;C.1;C;"Comités Gestión Usuaria: Análisis de reclamos";"Suma igual al Total";"Valida que la suma de las columnas C sea igual al total de la columna C (Filas 97–108). Variable: Comités Gestión Usuaria: Análisis de reclamos. De lo contrario, se marca como observación.";"Suma(C) = Columna C";;"Filas 97–108";Error;Activa;"Estructura Excel";;;
a19b_c.1_d_sum_equals;A19b;C.1;D;"Comités Gestión Usuaria: Planes de mejora";"Suma igual al Total";"Valida que la suma de las columnas D sea igual al total de la columna D (Filas 97–108). Variable: Comités Gestión Usuaria: Planes de mejora. De lo contrario, se marca como observación.";"Suma(D) = Columna D";;"Filas 97–108";Error;Activa;"Estructura Excel";;;
a19b_c.1_e_sum_equals;A19b;C.1;E;"Medición de Satisfacción Usuaria";"Suma igual al Total";"Valida que la suma de las columnas E sea igual al total de la columna E (Filas 97–108). Variable: Medición de Satisfacción Usuaria. De lo contrario, se marca como observación.";"Suma(E) = Columna E";;"Filas 97–108";Error;Activa;"Estructura Excel";;;
a19b_c.1_f_sum_equals;A19b;C.1;F;"Acompañamiento Espiritual";"Suma igual al Total";"Valida que la suma de las columnas F sea igual al total de la columna F (Filas 97–108). Variable: Acompañamiento Espiritual. De lo contrario, se marca como observación.";"Suma(F) = Columna F";;"Filas 97–108";Error;Activa;"Estructura Excel";;;
a19b_c.1_g_sum_equals;A19b;C.1;G;"Asistencia Religiosa";"Suma igual al Total";"Valida que la suma de las columnas G sea igual al total de la columna G (Filas 97–108). Variable: Asistencia Religiosa. De lo contrario, se marca como observación.";"Suma(G) = Columna G";;"Filas 97–108";Error;Activa;"Estructura Excel";;;
a19b_c.1_h_sum_equals;A19b;C.1;H;"Asistencia Espiritual Indígena";"Suma igual al Total";"Valida que la suma de las columnas H sea igual al total de la columna H (Filas 97–108). Variable: Asistencia Espiritual Indígena. De lo contrario, se marca como observación.";"Suma(H) = Columna H";;"Filas 97–108";Error;Activa;"Estructura Excel";;;
a19b_c.1_i_sum_equals;A19b;C.1;I;"Hospital Amigo";"Suma igual al Total";"Valida que la suma de las columnas I sea igual al total de la columna I (Filas 97–108). Variable: Hospital Amigo. De lo contrario, se marca como observación.";"Suma(I) = Columna I";;"Filas 97–108";Error;Activa;"Estructura Excel";;;
a19b_c.1_j_sum_equals;A19b;C.1;J;"Uso de TICS y/o Redes Sociales";"Suma igual al Total";"Valida que la suma de las columnas J sea igual al total de la columna J (Filas 97–108). Variable: Uso de TICS y/o Redes Sociales. De lo contrario, se marca como observación.";"Suma(J) = Columna J";;"Filas 97–108";Error;Activa;"Estructura Excel";;;
a19b_c.2_b_sum_equals;A19b;C.2;B;"N° DE SESIONES";"Suma igual al Total";"Valida que la suma de las columnas B sea igual al total de la columna B (Filas 113–122). Variable: N° DE SESIONES. De lo contrario, se marca como observación.";"Suma(B) = Columna B";;"Filas 113–122";Error;Activa;"Estructura Excel";;;
a21_a_b_sum_equals;A21;A;B;"Número de Quirófanos en Dotación";"Suma igual al Total";"Valida que la suma de las columnas B sea igual al total de la columna B (Filas 14–17). Variable: Número de Quirófanos en Dotación. De lo contrario, se marca como observación.";"Suma(B) = Columna B";;"Filas 14–17";Error;Activa;"Estructura Excel";;;
a21_a_c_sum_equals;A21;A;C;"Promedio Mensual de Quirófanos Habilitados";"Suma igual al Total";"Valida que la suma de las columnas C sea igual al total de la columna C (Filas 14–17). Variable: Promedio Mensual de Quirófanos Habilitados. De lo contrario, se marca como observación.";"Suma(C) = Columna C";;"Filas 14–17";Error;Activa;"Estructura Excel";;;
a21_a_d_sum_equals;A21;A;D;"Promedio Mensual de Quirófanos en Trabajo";"Suma igual al Total";"Valida que la suma de las columnas D sea igual al total de la columna D (Filas 14–17). Variable: Promedio Mensual de Quirófanos en Trabajo. De lo contrario, se marca como observación.";"Suma(D) = Columna D";;"Filas 14–17";Error;Activa;"Estructura Excel";;;
a21_a_e_sum_equals;A21;A;E;"Total de Horas Mensuales de Quirófanos Habilitados (Horario Hábil)";"Suma igual al Total";"Valida que la suma de las columnas E sea igual al total de la columna E (Filas 14–17). Variable: Total de Horas Mensuales de Quirófanos Habilitados (Horario Hábil). De lo contrario, se marca como observación.";"Suma(E) = Columna E";;"Filas 14–17";Error;Activa;"Estructura Excel";;;
a21_a_f_sum_equals;A21;A;F;"Total de Horas Mensuales de Quirófanos en Trabajo (Horario Hábil)";"Suma igual al Total";"Valida que la suma de las columnas F sea igual al total de la columna F (Filas 14–17). Variable: Total de Horas Mensuales de Quirófanos en Trabajo (Horario Hábil). De lo contrario, se marca como observación.";"Suma(F) = Columna F";;"Filas 14–17";Error;Activa;"Estructura Excel";;;
a21_b_b_sum_equals;A21;B;B;TOTAL;"Suma igual al Total";"Valida que la suma de las columnas C + D + E + F sea igual al total de la columna B (Fila 21). Variable: TOTAL. De lo contrario, se marca como observación.";"Suma(C + D + E + F) = Columna B";;"Fila 21";Error;Activa;"Estructura Excel";;;
a21_c.1.1_c_sum_equals;A21;C.1.1;C;TOTAL;"Suma igual al Total";"Valida que la suma de las columnas D + E + F + G sea igual al total de la columna C (Fila 31). Variable: TOTAL. De lo contrario, se marca como observación.";"Suma(D + E + F + G) = Columna C";;"Fila 31";Error;Activa;"Estructura Excel";;;
a21_c.1.3_b_sum_equals;A21;C.1.3;B;TOTAL;"Suma igual al Total";"Valida que la suma de las columnas C + E sea igual al total de la columna B. Variable: TOTAL. De lo contrario, se marca como observación.";"Suma(C + E) = Columna B";;—;Error;Activa;"Estructura Excel";;;
a21_c.2.1_b_sum_equals;A21;C.2.1;B;TOTAL;"Suma igual al Total";"Valida que la suma de las columnas C + D + E sea igual al total de la columna B (Fila 57). Variable: TOTAL. De lo contrario, se marca como observación.";"Suma(C + D + E) = Columna B";;"Fila 57";Error;Activa;"Estructura Excel";;;
a21_c.2.2_e_sum_equals;A21;C.2.2;E;"Número de egresos";"Suma igual al Total";"Valida que la suma de las columnas E sea igual al total de la columna E (Filas 63–68). Variable: Número de egresos. De lo contrario, se marca como observación.";"Suma(E) = Columna E";;"Filas 63–68";Error;Activa;"Estructura Excel";;;
a21_c.2.2_f_sum_equals;A21;C.2.2;F;"Número de personas activas";"Suma igual al Total";"Valida que la suma de las columnas F sea igual al total de la columna F (Filas 63–68). Variable: Número de personas activas. De lo contrario, se marca como observación.";"Suma(F) = Columna F";;"Filas 63–68";Error;Activa;"Estructura Excel";;;
a21_c.2.2_g_sum_equals;A21;C.2.2;G;"Número de controles médicos";"Suma igual al Total";"Valida que la suma de las columnas G sea igual al total de la columna G (Filas 63–68). Variable: Número de controles médicos. De lo contrario, se marca como observación.";"Suma(G) = Columna G";;"Filas 63–68";Error;Activa;"Estructura Excel";;;
a21_d_c_sum_equals;A21;D;C;TOTAL;"Suma igual al Total";"Valida que la suma de las columnas D + E + F + G + H + I sea igual al total de la columna C (Fila 80). Variable: TOTAL. De lo contrario, se marca como observación.";"Suma(D + E + F + G + H + I) = Columna C";;"Fila 80";Error;Activa;"Estructura Excel";;;
a21_g_b_sum_equals;A21;G;B;TOTAL;"Suma igual al Total";"Valida que la suma de las columnas C + D + E sea igual al total de la columna B (Fila 118). Variable: TOTAL. De lo contrario, se marca como observación.";"Suma(C + D + E) = Columna B";;"Fila 118";Error;Activa;"Estructura Excel";;;
a21_h_b_sum_equals;A21;H;B;"Número de Quirófanos en Dotación";"Suma igual al Total";"Valida que la suma de las columnas B sea igual al total de la columna B (Filas 123–124). Variable: Número de Quirófanos en Dotación. De lo contrario, se marca como observación.";"Suma(B) = Columna B";;"Filas 123–124";Error;Activa;"Estructura Excel";;;
a21_h_c_sum_equals;A21;H;C;"Horas Mensuales de Quirófanos Programadas   en Horario Hábil";"Suma igual al Total";"Valida que la suma de las columnas C sea igual al total de la columna C (Filas 123–124). Variable: Horas Mensuales de Quirófanos Programadas   en Horario Hábil. De lo contrario, se marca como observación.";"Suma(C) = Columna C";;"Filas 123–124";Error;Activa;"Estructura Excel";;;
a21_h_d_sum_equals;A21;H;D;"Horas Mensuales de Quirófanos Programadas   en   Horario Inhábil de Lunes a Viernes";"Suma igual al Total";"Valida que la suma de las columnas D sea igual al total de la columna D (Filas 123–124). Variable: Horas Mensuales de Quirófanos Programadas   en   Horario Inhábil de Lunes a Viernes. De lo contrario, se marca como observación.";"Suma(D) = Columna D";;"Filas 123–124";Error;Activa;"Estructura Excel";;;
a21_h_e_sum_equals;A21;H;E;"Horas Mensuales Programadas    Sabado, Domingo, Festivo.";"Suma igual al Total";"Valida que la suma de las columnas E sea igual al total de la columna E (Filas 123–124). Variable: Horas Mensuales Programadas    Sabado, Domingo, Festivo.. De lo contrario, se marca como observación.";"Suma(E) = Columna E";;"Filas 123–124";Error;Activa;"Estructura Excel";;;
a21_h_f_sum_equals;A21;H;F;"Horas Mensuales de Quirófanos Ocupadas   en Horario Hábil";"Suma igual al Total";"Valida que la suma de las columnas F sea igual al total de la columna F (Filas 123–124). Variable: Horas Mensuales de Quirófanos Ocupadas   en Horario Hábil. De lo contrario, se marca como observación.";"Suma(F) = Columna F";;"Filas 123–124";Error;Activa;"Estructura Excel";;;
a21_h_g_sum_equals;A21;H;G;"Horas Mensuales de Quirófanos Ocupadas   en   Horario Inhábil de Lunes a Viernes";"Suma igual al Total";"Valida que la suma de las columnas G sea igual al total de la columna G (Filas 123–124). Variable: Horas Mensuales de Quirófanos Ocupadas   en   Horario Inhábil de Lunes a Viernes. De lo contrario, se marca como observación.";"Suma(G) = Columna G";;"Filas 123–124";Error;Activa;"Estructura Excel";;;
a21_h_h_sum_equals;A21;H;H;"Horas Mensuales Ocupadas Sabado, Domingo, Festivo.";"Suma igual al Total";"Valida que la suma de las columnas H sea igual al total de la columna H (Filas 123–124). Variable: Horas Mensuales Ocupadas Sabado, Domingo, Festivo.. De lo contrario, se marca como observación.";"Suma(H) = Columna H";;"Filas 123–124";Error;Activa;"Estructura Excel";;;
a21_i_b_sum_equals;A21;I;B;"Personas menor de 15 años Intervenidas  en Horario Hábil";"Suma igual al Total";"Valida que la suma de las columnas B sea igual al total de la columna B (Filas 127–138). Variable: Personas menor de 15 años Intervenidas  en Horario Hábil. De lo contrario, se marca como observación.";"Suma(B) = Columna B";;"Filas 127–138";Error;Activa;"Estructura Excel";;;
a21_i_c_sum_equals;A21;I;C;"Personas mayores de  15 años y más Intervenidas en Horario Hábil";"Suma igual al Total";"Valida que la suma de las columnas C sea igual al total de la columna C (Filas 127–138). Variable: Personas mayores de  15 años y más Intervenidas en Horario Hábil. De lo contrario, se marca como observación.";"Suma(C) = Columna C";;"Filas 127–138";Error;Activa;"Estructura Excel";;;
a21_i_d_sum_equals;A21;I;D;"Personas Programadas  Horario Hábil";"Suma igual al Total";"Valida que la suma de las columnas D sea igual al total de la columna D (Filas 127–138). Variable: Personas Programadas  Horario Hábil. De lo contrario, se marca como observación.";"Suma(D) = Columna D";;"Filas 127–138";Error;Activa;"Estructura Excel";;;
a21_i_e_sum_equals;A21;I;E;"Personas Suspendidas Horario Hábil";"Suma igual al Total";"Valida que la suma de las columnas E sea igual al total de la columna E (Filas 127–138). Variable: Personas Suspendidas Horario Hábil. De lo contrario, se marca como observación.";"Suma(E) = Columna E";;"Filas 127–138";Error;Activa;"Estructura Excel";;;
a21_i_f_sum_equals;A21;I;F;"Personas Programadas  horario Inhábil de Lunes a Viernes";"Suma igual al Total";"Valida que la suma de las columnas F sea igual al total de la columna F (Filas 127–138). Variable: Personas Programadas  horario Inhábil de Lunes a Viernes. De lo contrario, se marca como observación.";"Suma(F) = Columna F";;"Filas 127–138";Error;Activa;"Estructura Excel";;;
a21_i_g_sum_equals;A21;I;G;"Personas Suspendidas horario Inhábil de Lunes a Viernes";"Suma igual al Total";"Valida que la suma de las columnas G sea igual al total de la columna G (Filas 127–138). Variable: Personas Suspendidas horario Inhábil de Lunes a Viernes. De lo contrario, se marca como observación.";"Suma(G) = Columna G";;"Filas 127–138";Error;Activa;"Estructura Excel";;;
a21_i_h_sum_equals;A21;I;H;"Personas Programadas  Sábado, Domingo y Festivo";"Suma igual al Total";"Valida que la suma de las columnas H sea igual al total de la columna H (Filas 127–138). Variable: Personas Programadas  Sábado, Domingo y Festivo. De lo contrario, se marca como observación.";"Suma(H) = Columna H";;"Filas 127–138";Error;Activa;"Estructura Excel";;;
a21_i_i_sum_equals;A21;I;I;"Personas Suspendidas Sábado, Domingo y Festivo";"Suma igual al Total";"Valida que la suma de las columnas I sea igual al total de la columna I (Filas 127–138). Variable: Personas Suspendidas Sábado, Domingo y Festivo. De lo contrario, se marca como observación.";"Suma(I) = Columna I";;"Filas 127–138";Error;Activa;"Estructura Excel";;;
a21_j_b_sum_equals;A21;J;B;"TOTAL
 (Ambos sexos)";"Suma igual al Total";"Valida que la suma de las columnas C + D + E + F sea igual al total de la columna B (Fila 143). Variable: TOTAL
 (Ambos sexos). De lo contrario, se marca como observación.";"Suma(C + D + E + F) = Columna B";;"Fila 143";Error;Activa;"Estructura Excel";;;
a21_j_g_sum_equals;A21;J;G;"Personas Atendidas";"Suma igual al Total";"Valida que la suma de las columnas G sea igual al total de la columna G (Filas 143–151). Variable: Personas Atendidas. De lo contrario, se marca como observación.";"Suma(G) = Columna G";;"Filas 143–151";Error;Activa;"Estructura Excel";;;
a21_j_h_sum_equals;A21;J;H;Ingresos;"Suma igual al Total";"Valida que la suma de las columnas H sea igual al total de la columna H (Filas 143–151). Variable: Ingresos. De lo contrario, se marca como observación.";"Suma(H) = Columna H";;"Filas 143–151";Error;Activa;"Estructura Excel";;;
a23_a_ao_sum_equals;A23;A;AO;"Pueblos Originarios";"Suma igual al Total";"Valida que la suma de las columnas AO sea igual al total de la columna AO (Filas 12–22). Variable: Pueblos Originarios. De lo contrario, se marca como observación.";"Suma(AO) = Columna AO";;"Filas 12–22";Error;Activa;"Estructura Excel";;;
a23_a_ap_sum_equals;A23;A;AP;Migrantes;"Suma igual al Total";"Valida que la suma de las columnas AP sea igual al total de la columna AP (Filas 12–22). Variable: Migrantes. De lo contrario, se marca como observación.";"Suma(AP) = Columna AP";;"Filas 12–22";Error;Activa;"Estructura Excel";;;
a23_a_aq_sum_equals;A23;A;AQ;"Por Campaña de Invierno";"Suma igual al Total";"Valida que la suma de las columnas AQ sea igual al total de la columna AQ (Filas 12–22). Variable: Por Campaña de Invierno. De lo contrario, se marca como observación.";"Suma(AQ) = Columna AQ";;"Filas 12–22";Error;Activa;"Estructura Excel";;;
a23_b_ap_sum_equals;A23;B;AP;Reingresos;"Suma igual al Total";"Valida que la suma de las columnas AP sea igual al total de la columna AP (Filas 28–40). Variable: Reingresos. De lo contrario, se marca como observación.";"Suma(AP) = Columna AP";;"Filas 28–40";Error;Activa;"Estructura Excel";;;
a23_b_aq_sum_equals;A23;B;AQ;"Pueblos Originarios";"Suma igual al Total";"Valida que la suma de las columnas AQ sea igual al total de la columna AQ (Filas 28–40). Variable: Pueblos Originarios. De lo contrario, se marca como observación.";"Suma(AQ) = Columna AQ";;"Filas 28–40";Error;Activa;"Estructura Excel";;;
a23_b_ar_sum_equals;A23;B;AR;Migrantes;"Suma igual al Total";"Valida que la suma de las columnas AR sea igual al total de la columna AR (Filas 28–40). Variable: Migrantes. De lo contrario, se marca como observación.";"Suma(AR) = Columna AR";;"Filas 28–40";Error;Activa;"Estructura Excel";;;
a23_e_ao_sum_equals;A23;E;AO;Beneficiarios;"Suma igual al Total";"Valida que la suma de las columnas AO sea igual al total de la columna AO (Filas 63–65). Variable: Beneficiarios. De lo contrario, se marca como observación.";"Suma(AO) = Columna AO";;"Filas 63–65";Error;Activa;"Estructura Excel";;;
a23_f_ao_sum_equals;A23;F;AO;Beneficiarios;"Suma igual al Total";"Valida que la suma de las columnas AO sea igual al total de la columna AO (Filas 71–72). Variable: Beneficiarios. De lo contrario, se marca como observación.";"Suma(AO) = Columna AO";;"Filas 71–72";Error;Activa;"Estructura Excel";;;
a23_f_ap_sum_equals;A23;F;AP;"Por Campaña de Invierno";"Suma igual al Total";"Valida que la suma de las columnas AP sea igual al total de la columna AP (Filas 71–72). Variable: Por Campaña de Invierno. De lo contrario, se marca como observación.";"Suma(AP) = Columna AP";;"Filas 71–72";Error;Activa;"Estructura Excel";;;
a23_h_c_sum_equals;A23;H;C;TOTAL;"Suma igual al Total";"Valida que la suma de las columnas D + E sea igual al total de la columna C. Variable: TOTAL. De lo contrario, se marca como observación.";"Suma(D + E) = Columna C";;—;Error;Activa;"Estructura Excel";;;
a23_h_d_sum_equals;A23;H;D;"Menor de 20 años";"Suma igual al Total";"Valida que la suma de las columnas D sea igual al total de la columna D (Filas 87–89). Variable: Menor de 20 años. De lo contrario, se marca como observación.";"Suma(D) = Columna D";;"Filas 87–89";Error;Activa;"Estructura Excel";;;
a23_h_e_sum_equals;A23;H;E;"De 20 años y más";"Suma igual al Total";"Valida que la suma de las columnas E sea igual al total de la columna E (Filas 87–89). Variable: De 20 años y más. De lo contrario, se marca como observación.";"Suma(E) = Columna E";;"Filas 87–89";Error;Activa;"Estructura Excel";;;
a23_l_ao_sum_equals;A23;L;AO;"Por Campaña de Invierno";"Suma igual al Total";"Valida que la suma de las columnas AO sea igual al total de la columna AO (Filas 124–129). Variable: Por Campaña de Invierno. De lo contrario, se marca como observación.";"Suma(AO) = Columna AO";;"Filas 124–129";Error;Activa;"Estructura Excel";;;
a23_m.2_c_sum_equals;A23;M.2;C;"Nº Sesiones";"Suma igual al Total";"Valida que la suma de las columnas C sea igual al total de la columna C (Filas 145–152). Variable: Nº Sesiones. De lo contrario, se marca como observación.";"Suma(C) = Columna C";;"Filas 145–152";Error;Activa;"Estructura Excel";;;
a23_m.2_d_sum_equals;A23;M.2;D;"Nº Participantes";"Suma igual al Total";"Valida que la suma de las columnas D sea igual al total de la columna D (Filas 145–152). Variable: Nº Participantes. De lo contrario, se marca como observación.";"Suma(D) = Columna D";;"Filas 145–152";Error;Activa;"Estructura Excel";;;
a23_o_c_sum_equals;A23;O;C;"TOTAL DE ACTIVIDADES";"Suma igual al Total";"Valida que la suma de las columnas D + E + F + G sea igual al total de la columna C (Fila 165). Variable: TOTAL DE ACTIVIDADES. De lo contrario, se marca como observación.";"Suma(D + E + F + G) = Columna C";;"Fila 165";Error;Activa;"Estructura Excel";;;
a23_q_b_sum_equals;A23;Q;B;DIAGNÓSTICO;"Suma igual al Total";"Valida que la suma de las columnas CF + CG + CH sea igual al total de la columna B (Filas 12–129). Variable: DIAGNÓSTICO. De lo contrario, se marca como observación.";"Suma(CF + CG + CH) = Columna B";;"Filas 12–129";Error;Activa;"Estructura Excel";;;
a24_a.1_c_sum_equals;A24;A.1;C;TOTAL;"Suma igual al Total";"Valida que la suma de las columnas D + E + F sea igual al total de la columna C (Fila 26). Variable: TOTAL. De lo contrario, se marca como observación.";"Suma(D + E + F) = Columna C";;"Fila 26";Error;Activa;"Estructura Excel";;;
a24_c_c_sum_equals;A24;C;C;"Post Aborto";"Suma igual al Total";"Valida que la suma de las columnas C sea igual al total de la columna C (Filas 92–103). Variable: Post Aborto. De lo contrario, se marca como observación.";"Suma(C) = Columna C";;"Filas 92–103";Error;Activa;"Estructura Excel";;;
a24_c_e_sum_equals;A24;C;E;"Post Parto";"Suma igual al Total";"Valida que la suma de las columnas E sea igual al total de la columna E (Filas 92–103). Variable: Post Parto. De lo contrario, se marca como observación.";"Suma(E) = Columna E";;"Filas 92–103";Error;Activa;"Estructura Excel";;;
a24_c_f_sum_equals;A24;C;F;"Post IVE";"Suma igual al Total";"Valida que la suma de las columnas F sea igual al total de la columna F (Filas 92–103). Variable: Post IVE. De lo contrario, se marca como observación.";"Suma(F) = Columna F";;"Filas 92–103";Error;Activa;"Estructura Excel";;;
a24_d.1_c_sum_equals;A24;D.1;C;TOTAL;"Suma igual al Total";"Valida que la suma de las columnas D + E + F + G + H + I + J + K sea igual al total de la columna C (Fila 109). Variable: TOTAL. De lo contrario, se marca como observación.";"Suma(D + E + F + G + H + I + J + K) = Columna C";;"Fila 109";Error;Activa;"Estructura Excel";;;
a24_d.3_b_sum_equals;A24;D.3;B;TOTAL;"Suma igual al Total";"Valida que la suma de las columnas C sea igual al total de la columna B. Variable: TOTAL. De lo contrario, se marca como observación.";"Suma(C) = Columna B";;—;Error;Activa;"Estructura Excel";;;
a24_g_b_sum_equals;A24;G;B;TOTAL;"Suma igual al Total";"Valida que la suma de las columnas C + D + E + F + G + H + I + J + K sea igual al total de la columna B (Fila 144). Variable: TOTAL. De lo contrario, se marca como observación.";"Suma(C + D + E + F + G + H + I + J + K) = Columna B";;"Fila 144";Error;Activa;"Estructura Excel";;;
a24_h.3_b_sum_equals;A24;H.3;B;"Recien Nacidos Tamizados";"Suma igual al Total";"Valida que la suma de las columnas CI + CJ + CK + CL + CM sea igual al total de la columna B (Filas 13–158). Variable: Recien Nacidos Tamizados. De lo contrario, se marca como observación.";"Suma(CI + CJ + CK + CL + CM) = Columna B";;"Filas 13–158";Error;Activa;"Estructura Excel";;;
a25_a.3_e_sum_equals;A25;A.3;E;TOTAL;"Suma igual al Total";"Valida que la suma de las columnas F + G sea igual al total de la columna E (Fila 31). Variable: TOTAL. De lo contrario, se marca como observación.";"Suma(F + G) = Columna E";;"Fila 31";Error;Activa;"Estructura Excel";;;
a25_b_b_sum_equals;A25;B;B;TOTAL;"Suma igual al Total";"Valida que la suma de las columnas B sea igual al total de la columna B. Variable: TOTAL. De lo contrario, se marca como observación.";"Suma(B) = Columna B";;—;Error;Activa;"Estructura Excel";;;
a25_c.1_c_sum_equals;A25;C.1;C;"Globulos Rojos*";"Suma igual al Total";"Valida que la suma de las columnas C sea igual al total de la columna C (Filas 85–89). Variable: Globulos Rojos*. De lo contrario, se marca como observación.";"Suma(C) = Columna C";;"Filas 85–89";Error;Activa;"Estructura Excel";;;
a25_c.1_d_sum_equals;A25;C.1;D;Plasmas*;"Suma igual al Total";"Valida que la suma de las columnas D sea igual al total de la columna D (Filas 85–89). Variable: Plasmas*. De lo contrario, se marca como observación.";"Suma(D) = Columna D";;"Filas 85–89";Error;Activa;"Estructura Excel";;;
a25_c.1_h_sum_equals;A25;C.1;H;Crioprecipitados;"Suma igual al Total";"Valida que la suma de las columnas H sea igual al total de la columna H (Filas 85–89). Variable: Crioprecipitados. De lo contrario, se marca como observación.";"Suma(H) = Columna H";;"Filas 85–89";Error;Activa;"Estructura Excel";;;
a25_c.2_c_sum_equals;A25;C.2;C;"Globulos Rojos*";"Suma igual al Total";"Valida que la suma de las columnas C sea igual al total de la columna C (Filas 95–99). Variable: Globulos Rojos*. De lo contrario, se marca como observación.";"Suma(C) = Columna C";;"Filas 95–99";Error;Activa;"Estructura Excel";;;
a25_c.2_d_sum_equals;A25;C.2;D;Plasmas*;"Suma igual al Total";"Valida que la suma de las columnas D sea igual al total de la columna D (Filas 95–99). Variable: Plasmas*. De lo contrario, se marca como observación.";"Suma(D) = Columna D";;"Filas 95–99";Error;Activa;"Estructura Excel";;;
a25_c.2_h_sum_equals;A25;C.2;H;Crioprecipitados;"Suma igual al Total";"Valida que la suma de las columnas H sea igual al total de la columna H (Filas 95–99). Variable: Crioprecipitados. De lo contrario, se marca como observación.";"Suma(H) = Columna H";;"Filas 95–99";Error;Activa;"Estructura Excel";;;
a25_c.3_c_sum_equals;A25;C.3;C;TOTAL;"Suma igual al Total";"Valida que la suma de las columnas D + E + F + G + H + I sea igual al total de la columna C (Fila 104). Variable: TOTAL. De lo contrario, se marca como observación.";"Suma(D + E + F + G + H + I) = Columna C";;"Fila 104";Error;Activa;"Estructura Excel";;;
a25_c.4_c_sum_equals;A25;C.4;C;TOTAL;"Suma igual al Total";"Valida que la suma de las columnas D + E + F + G + H + I sea igual al total de la columna C (Fila 113). Variable: TOTAL. De lo contrario, se marca como observación.";"Suma(D + E + F + G + H + I) = Columna C";;"Fila 113";Error;Activa;"Estructura Excel";;;
a25_f_f_sum_equals;A25;F;F;TOTAL;"Suma igual al Total";"Valida que la suma de las columnas G + H + I sea igual al total de la columna F (Fila 160). Variable: TOTAL. De lo contrario, se marca como observación.";"Suma(G + H + I) = Columna F";;"Fila 160";Error;Activa;"Estructura Excel";;;
a25_f_g_sum_equals;A25;F;G;"Glóbulos rojos";"Suma igual al Total";"Valida que la suma de las columnas G sea igual al total de la columna G (Filas 160–184). Variable: Glóbulos rojos. De lo contrario, se marca como observación.";"Suma(G) = Columna G";;"Filas 160–184";Error;Activa;"Estructura Excel";;;
a25_f_h_sum_equals;A25;F;H;Plasma;"Suma igual al Total";"Valida que la suma de las columnas H sea igual al total de la columna H (Filas 160–184). Variable: Plasma. De lo contrario, se marca como observación.";"Suma(H) = Columna H";;"Filas 160–184";Error;Activa;"Estructura Excel";;;
a25_f_i_sum_equals;A25;F;I;Plaquetas;"Suma igual al Total";"Valida que la suma de las columnas I sea igual al total de la columna I (Filas 160–184). Variable: Plaquetas. De lo contrario, se marca como observación.";"Suma(I) = Columna I";;"Filas 160–184";Error;Activa;"Estructura Excel";;;
a25_g.3_c_sum_equals;A25;G.3;C;Donantes;"Suma igual al Total";"Valida que la suma de las columnas C sea igual al total de la columna C (Filas 209–233). Variable: Donantes. De lo contrario, se marca como observación.";"Suma(C) = Columna C";;"Filas 209–233";Error;Activa;"Estructura Excel";;;
a25_g.3_d_sum_equals;A25;G.3;D;Pacientes;"Suma igual al Total";"Valida que la suma de las columnas D sea igual al total de la columna D (Filas 209–233). Variable: Pacientes. De lo contrario, se marca como observación.";"Suma(D) = Columna D";;"Filas 209–233";Error;Activa;"Estructura Excel";;;
a25_g.3_e_sum_equals;A25;G.3;E;Embarazadas;"Suma igual al Total";"Valida que la suma de las columnas E sea igual al total de la columna E (Filas 209–233). Variable: Embarazadas. De lo contrario, se marca como observación.";"Suma(E) = Columna E";;"Filas 209–233";Error;Activa;"Estructura Excel";;;
a25_g.4_c_sum_equals;A25;G.4;C;TOTAL;"Suma igual al Total";"Valida que la suma de las columnas D + E sea igual al total de la columna C (Fila 237). Variable: TOTAL. De lo contrario, se marca como observación.";"Suma(D + E) = Columna C";;"Fila 237";Error;Activa;"Estructura Excel";;;
a25_g.4_d_sum_equals;A25;G.4;D;"Menores de 18 años";"Suma igual al Total";"Valida que la suma de las columnas D sea igual al total de la columna D (Filas 237–238). Variable: Menores de 18 años. De lo contrario, se marca como observación.";"Suma(D) = Columna D";;"Filas 237–238";Error;Activa;"Estructura Excel";;;
a25_g.4_e_sum_equals;A25;G.4;E;"de 18 y más años";"Suma igual al Total";"Valida que la suma de las columnas E sea igual al total de la columna E (Filas 237–238). Variable: de 18 y más años. De lo contrario, se marca como observación.";"Suma(E) = Columna E";;"Filas 237–238";Error;Activa;"Estructura Excel";;;
a25_g.5_c_sum_equals;A25;G.5;C;Donantes;"Suma igual al Total";"Valida que la suma de las columnas C sea igual al total de la columna C (Filas 242–254). Variable: Donantes. De lo contrario, se marca como observación.";"Suma(C) = Columna C";;"Filas 242–254";Error;Activa;"Estructura Excel";;;
a25_g.5_d_sum_equals;A25;G.5;D;Pacientes;"Suma igual al Total";"Valida que la suma de las columnas D sea igual al total de la columna D (Filas 242–254). Variable: Pacientes. De lo contrario, se marca como observación.";"Suma(D) = Columna D";;"Filas 242–254";Error;Activa;"Estructura Excel";;;
a25_g.6_b_sum_equals;A25;G.6;B;Poliespecífico;"Suma igual al Total";"Valida que la suma de las columnas B sea igual al total de la columna B (Filas 272–274). Variable: Poliespecífico. De lo contrario, se marca como observación.";"Suma(B) = Columna B";;"Filas 272–274";Error;Activa;"Estructura Excel";;;
a25_g.6_c_sum_equals;A25;G.6;C;"Monoespecífico IgG";"Suma igual al Total";"Valida que la suma de las columnas C sea igual al total de la columna C (Filas 272–274). Variable: Monoespecífico IgG. De lo contrario, se marca como observación.";"Suma(C) = Columna C";;"Filas 272–274";Error;Activa;"Estructura Excel";;;
a25_g.6_d_sum_equals;A25;G.6;D;"Monoespecífico C3d";"Suma igual al Total";"Valida que la suma de las columnas D sea igual al total de la columna D (Filas 272–274). Variable: Monoespecífico C3d. De lo contrario, se marca como observación.";"Suma(D) = Columna D";;"Filas 272–274";Error;Activa;"Estructura Excel";;;
a25_h.1_c_sum_equals;A25;H.1;C;"TOTAL DONANTES";"Suma igual al Total";"Valida que la suma de las columnas C sea igual al total de la columna C (Filas 279–287). Variable: TOTAL DONANTES. De lo contrario, se marca como observación.";"Suma(C) = Columna C";;"Filas 279–287";Error;Activa;"Estructura Excel";;;
a25_h.2_b_sum_equals;A25;H.2;B;"TOTAL PACIENTES";"Suma igual al Total";"Valida que la suma de las columnas B sea igual al total de la columna B (Filas 291–296). Variable: TOTAL PACIENTES. De lo contrario, se marca como observación.";"Suma(B) = Columna B";;"Filas 291–296";Error;Activa;"Estructura Excel";;;
a26_a.1_c_sum_equals;A26;A.1;C;"Visita de Ingreso al PADDS";"Suma igual al Total";"Valida que la suma de las columnas C sea igual al total de la columna C (Filas 38–40). Variable: Visita de Ingreso al PADDS. De lo contrario, se marca como observación.";"Suma(C) = Columna C";;"Filas 38–40";Error;Activa;"Estructura Excel";;;
a26_a.1_d_sum_equals;A26;A.1;D;"Primera visita anual";"Suma igual al Total";"Valida que la suma de las columnas D sea igual al total de la columna D (Filas 38–40). Variable: Primera visita anual. De lo contrario, se marca como observación.";"Suma(D) = Columna D";;"Filas 38–40";Error;Activa;"Estructura Excel";;;
a26_a.1_e_sum_equals;A26;A.1;E;"Segunda visita anual";"Suma igual al Total";"Valida que la suma de las columnas E sea igual al total de la columna E (Filas 38–40). Variable: Segunda visita anual. De lo contrario, se marca como observación.";"Suma(E) = Columna E";;"Filas 38–40";Error;Activa;"Estructura Excel";;;
a26_a.1_f_sum_equals;A26;A.1;F;"Tercera o más visitas de seguimiento anual";"Suma igual al Total";"Valida que la suma de las columnas F sea igual al total de la columna F (Filas 38–40). Variable: Tercera o más visitas de seguimiento anual. De lo contrario, se marca como observación.";"Suma(F) = Columna F";;"Filas 38–40";Error;Activa;"Estructura Excel";;;
a26_a.1_g_sum_equals;A26;A.1;G;"Elaboración Plan Cuidado Integral a persona con dependencia severa";"Suma igual al Total";"Valida que la suma de las columnas G sea igual al total de la columna G (Filas 38–40). Variable: Elaboración Plan Cuidado Integral a persona con dependencia severa. De lo contrario, se marca como observación.";"Suma(G) = Columna G";;"Filas 38–40";Error;Activa;"Estructura Excel";;;
a26_a.1_h_sum_equals;A26;A.1;H;"Evaluación y actualización plan de cuidados a personas con dependencia severa";"Suma igual al Total";"Valida que la suma de las columnas H sea igual al total de la columna H (Filas 38–40). Variable: Evaluación y actualización plan de cuidados a personas con dependencia severa. De lo contrario, se marca como observación.";"Suma(H) = Columna H";;"Filas 38–40";Error;Activa;"Estructura Excel";;;
a26_a.1_i_sum_equals;A26;A.1;I;"Elaboración plan de cuidados a cuidador";"Suma igual al Total";"Valida que la suma de las columnas I sea igual al total de la columna I (Filas 38–40). Variable: Elaboración plan de cuidados a cuidador. De lo contrario, se marca como observación.";"Suma(I) = Columna I";;"Filas 38–40";Error;Activa;"Estructura Excel";;;
a26_a.1_j_sum_equals;A26;A.1;J;"Evaluación y actualización plan de cuidados a cuidador";"Suma igual al Total";"Valida que la suma de las columnas J sea igual al total de la columna J (Filas 38–40). Variable: Evaluación y actualización plan de cuidados a cuidador. De lo contrario, se marca como observación.";"Suma(J) = Columna J";;"Filas 38–40";Error;Activa;"Estructura Excel";;;
a26_a.1_k_sum_equals;A26;A.1;K;Migrantes;"Suma igual al Total";"Valida que la suma de las columnas K sea igual al total de la columna K (Filas 38–40). Variable: Migrantes. De lo contrario, se marca como observación.";"Suma(K) = Columna K";;"Filas 38–40";Error;Activa;"Estructura Excel";;;
a26_a.1_l_sum_equals;A26;A.1;L;"Pueblos originarios";"Suma igual al Total";"Valida que la suma de las columnas L sea igual al total de la columna L (Filas 38–40). Variable: Pueblos originarios. De lo contrario, se marca como observación.";"Suma(L) = Columna L";;"Filas 38–40";Error;Activa;"Estructura Excel";;;
a26_a.1_m_sum_equals;A26;A.1;M;"Población en ECICEP";"Suma igual al Total";"Valida que la suma de las columnas M sea igual al total de la columna M (Filas 38–40). Variable: Población en ECICEP. De lo contrario, se marca como observación.";"Suma(M) = Columna M";;"Filas 38–40";Error;Activa;"Estructura Excel";;;
a26_a.1_n_sum_equals;A26;A.1;N;"Población ELEAM o institucionalizada";"Suma igual al Total";"Valida que la suma de las columnas N sea igual al total de la columna N (Filas 38–40). Variable: Población ELEAM o institucionalizada. De lo contrario, se marca como observación.";"Suma(N) = Columna N";;"Filas 38–40";Error;Activa;"Estructura Excel";;;
a26_b_c_sum_equals;A26;B;C;TOTAL;"Suma igual al Total";"Valida que la suma de las columnas D + E + F sea igual al total de la columna C (Fila 50). Variable: TOTAL. De lo contrario, se marca como observación.";"Suma(D + E + F) = Columna C";;"Fila 50";Error;Activa;"Estructura Excel";;;
a26_b_d_sum_equals;A26;B;D;"Un Profesional";"Suma igual al Total";"Valida que la suma de las columnas D sea igual al total de la columna D (Filas 54–58). Variable: Un Profesional. De lo contrario, se marca como observación.";"Suma(D) = Columna D";;"Filas 54–58";Error;Activa;"Estructura Excel";;;
a26_b_e_sum_equals;A26;B;E;"Dos o Más 
Profesionales";"Suma igual al Total";"Valida que la suma de las columnas E sea igual al total de la columna E (Filas 54–58). Variable: Dos o Más 
Profesionales. De lo contrario, se marca como observación.";"Suma(E) = Columna E";;"Filas 54–58";Error;Activa;"Estructura Excel";;;
a26_b_f_sum_equals;A26;B;F;"Un Profesional y 
un Técnico En Enfermería";"Suma igual al Total";"Valida que la suma de las columnas F sea igual al total de la columna F (Filas 54–58). Variable: Un Profesional y 
un Técnico En Enfermería. De lo contrario, se marca como observación.";"Suma(F) = Columna F";;"Filas 54–58";Error;Activa;"Estructura Excel";;;
a26_b_g_sum_equals;A26;B;G;"Técnico En Enfermería";"Suma igual al Total";"Valida que la suma de las columnas G sea igual al total de la columna G (Filas 54–58). Variable: Técnico En Enfermería. De lo contrario, se marca como observación.";"Suma(G) = Columna G";;"Filas 54–58";Error;Activa;"Estructura Excel";;;
a26_b_h_sum_equals;A26;B;H;"Facilitador/a Intercultural Pueblos Originarios";"Suma igual al Total";"Valida que la suma de las columnas H sea igual al total de la columna H (Filas 54–58). Variable: Facilitador/a Intercultural Pueblos Originarios. De lo contrario, se marca como observación.";"Suma(H) = Columna H";;"Filas 54–58";Error;Activa;"Estructura Excel";;;
a26_b_i_sum_equals;A26;B;I;"Agente Comunitario";"Suma igual al Total";"Valida que la suma de las columnas I sea igual al total de la columna I (Filas 54–58). Variable: Agente Comunitario. De lo contrario, se marca como observación.";"Suma(I) = Columna I";;"Filas 54–58";Error;Activa;"Estructura Excel";;;
a26_b_j_sum_equals;A26;B;J;"Pueblos Originarios";"Suma igual al Total";"Valida que la suma de las columnas J sea igual al total de la columna J (Filas 54–58). Variable: Pueblos Originarios. De lo contrario, se marca como observación.";"Suma(J) = Columna J";;"Filas 54–58";Error;Activa;"Estructura Excel";;;
a26_b_k_sum_equals;A26;B;K;Migrantes;"Suma igual al Total";"Valida que la suma de las columnas K sea igual al total de la columna K (Filas 54–58). Variable: Migrantes. De lo contrario, se marca como observación.";"Suma(K) = Columna K";;"Filas 54–58";Error;Activa;"Estructura Excel";;;
a26_b_l_sum_equals;A26;B;L;"SENAME/ Servicio Nacional de Reinserción social Juvenil";"Suma igual al Total";"Valida que la suma de las columnas L sea igual al total de la columna L (Filas 54–58). Variable: SENAME/ Servicio Nacional de Reinserción social Juvenil. De lo contrario, se marca como observación.";"Suma(L) = Columna L";;"Filas 54–58";Error;Activa;"Estructura Excel";;;
a26_b_m_sum_equals;A26;B;M;"Servicio Nacional Protección Especializada a la Niñez y Adolescencia";"Suma igual al Total";"Valida que la suma de las columnas M sea igual al total de la columna M (Filas 54–58). Variable: Servicio Nacional Protección Especializada a la Niñez y Adolescencia. De lo contrario, se marca como observación.";"Suma(M) = Columna M";;"Filas 54–58";Error;Activa;"Estructura Excel";;;
a26_e_b_sum_equals;A26;E;B;"TOTAL VISITAS";"Suma igual al Total";"Valida que la suma de las columnas C + D + E + F + G sea igual al total de la columna B (Fila 86). Variable: TOTAL VISITAS. De lo contrario, se marca como observación.";"Suma(C + D + E + F + G) = Columna B";;"Fila 86";Error;Activa;"Estructura Excel";;;
a26_g_b_sum_equals;A26;G;B;TOTAL;"Suma igual al Total";"Valida que la suma de las columnas C + D + E + F + G + H + I + J + K + L + M + N + O + P + Q + R + S sea igual al total de la columna B (Fila 95). Variable: TOTAL. De lo contrario, se marca como observación.";"Suma(C + D + E + F + G + H + I + J + K + L + M + N + O + P + Q + R + S) = Columna B";;"Fila 95";Error;Activa;"Estructura Excel";;;
a26_h_b_sum_equals;A26;H;B;"N° OPERATIVOS";"Suma igual al Total";"Valida que la suma de las columnas B sea igual al total de la columna B (Filas 115–119). Variable: N° OPERATIVOS. De lo contrario, se marca como observación.";"Suma(B) = Columna B";;"Filas 115–119";Error;Activa;"Estructura Excel";;;
a27_a_ab_sum_equals;A27;A;AB;"Familias en Riesgo";"Suma igual al Total";"Valida que la suma de las columnas AB sea igual al total de la columna AB (Filas 11–52). Variable: Familias en Riesgo. De lo contrario, se marca como observación.";"Suma(AB) = Columna AB";;"Filas 11–52";Error;Activa;"Estructura Excel";;;
a27_a_ac_sum_equals;A27;A;AC;"Pueblos Originarios";"Suma igual al Total";"Valida que la suma de las columnas AC sea igual al total de la columna AC (Filas 11–52). Variable: Pueblos Originarios. De lo contrario, se marca como observación.";"Suma(AC) = Columna AC";;"Filas 11–52";Error;Activa;"Estructura Excel";;;
a27_a_ad_sum_equals;A27;A;AD;Migrantes;"Suma igual al Total";"Valida que la suma de las columnas AD sea igual al total de la columna AD (Filas 11–52). Variable: Migrantes. De lo contrario, se marca como observación.";"Suma(AD) = Columna AD";;"Filas 11–52";Error;Activa;"Estructura Excel";;;
a27_a_ae_sum_equals;A27;A;AE;"Espacios Amigables/ Adolescentes";"Suma igual al Total";"Valida que la suma de las columnas AE sea igual al total de la columna AE (Filas 11–52). Variable: Espacios Amigables/ Adolescentes. De lo contrario, se marca como observación.";"Suma(AE) = Columna AE";;"Filas 11–52";Error;Activa;"Estructura Excel";;;
a27_a_ah_sum_equals;A27;A;AH;"SENAME/ Servicio Nacional de Reinserción social Juvenil";"Suma igual al Total";"Valida que la suma de las columnas AH sea igual al total de la columna AH (Filas 11–52). Variable: SENAME/ Servicio Nacional de Reinserción social Juvenil. De lo contrario, se marca como observación.";"Suma(AH) = Columna AH";;"Filas 11–52";Error;Activa;"Estructura Excel";;;
a27_a_ai_sum_equals;A27;A;AI;"Servicio Nacional Protección Especializada a la Niñez y Adolescencia";"Suma igual al Total";"Valida que la suma de las columnas AI sea igual al total de la columna AI (Filas 11–52). Variable: Servicio Nacional Protección Especializada a la Niñez y Adolescencia. De lo contrario, se marca como observación.";"Suma(AI) = Columna AI";;"Filas 11–52";Error;Activa;"Estructura Excel";;;
a27_a_d_sum_equals;A27;A;D;TOTAL;"Suma igual al Total";"Valida que la suma de las columnas E + F + G sea igual al total de la columna D (Fila 11). Variable: TOTAL. De lo contrario, se marca como observación.";"Suma(E + F + G) = Columna D";;"Fila 11";Error;Activa;"Estructura Excel";;;
a27_b_d_sum_equals;A27;B;D;TOTAL;"Suma igual al Total";"Valida que la suma de las columnas E + F + G + H sea igual al total de la columna D (Fila 56). Variable: TOTAL. De lo contrario, se marca como observación.";"Suma(E + F + G + H) = Columna D";;"Fila 56";Error;Activa;"Estructura Excel";;;
a27_b_e_sum_equals;A27;B;E;"Un profesional";"Suma igual al Total";"Valida que la suma de las columnas E sea igual al total de la columna E (Filas 56–97). Variable: Un profesional. De lo contrario, se marca como observación.";"Suma(E) = Columna E";;"Filas 56–97";Error;Activa;"Estructura Excel";;;
a27_b_f_sum_equals;A27;B;F;"Dos o más profesionales";"Suma igual al Total";"Valida que la suma de las columnas F sea igual al total de la columna F (Filas 56–97). Variable: Dos o más profesionales. De lo contrario, se marca como observación.";"Suma(F) = Columna F";;"Filas 56–97";Error;Activa;"Estructura Excel";;;
a27_b_g_sum_equals;A27;B;G;"Un profesional y un Técnico en Enfermería";"Suma igual al Total";"Valida que la suma de las columnas G sea igual al total de la columna G (Filas 56–97). Variable: Un profesional y un Técnico en Enfermería. De lo contrario, se marca como observación.";"Suma(G) = Columna G";;"Filas 56–97";Error;Activa;"Estructura Excel";;;
a27_b_h_sum_equals;A27;B;H;"Técnico en Enfermería";"Suma igual al Total";"Valida que la suma de las columnas H sea igual al total de la columna H (Filas 56–97). Variable: Técnico en Enfermería. De lo contrario, se marca como observación.";"Suma(H) = Columna H";;"Filas 56–97";Error;Activa;"Estructura Excel";;;
a27_b_i_sum_equals;A27;B;I;"Facilitador/a Intercultural Pueblos Originarios";"Suma igual al Total";"Valida que la suma de las columnas I sea igual al total de la columna I (Filas 56–97). Variable: Facilitador/a Intercultural Pueblos Originarios. De lo contrario, se marca como observación.";"Suma(I) = Columna I";;"Filas 56–97";Error;Activa;"Estructura Excel";;;
a27_d_d_sum_equals;A27;D;D;"Nº de sesiones";"Suma igual al Total";"Valida que la suma de las columnas E + F + G sea igual al total de la columna D (Fila 107). Variable: Nº de sesiones. De lo contrario, se marca como observación.";"Suma(E + F + G) = Columna D";;"Fila 107";Error;Activa;"Estructura Excel";;;
a27_e_e_sum_equals;A27;E;E;"Nº de Participantes";"Suma igual al Total";"Valida que la suma de las columnas F + G + H + I + J + K + L + M + N + O + P + Q + R + S + T + U sea igual al total de la columna E. Variable: Nº de Participantes. De lo contrario, se marca como observación.";"Suma(F + G + H + I + J + K + L + M + N + O + P + Q + R + S + T + U) = Columna E";;—;Error;Activa;"Estructura Excel";;;
a27_f_d_sum_equals;A27;F;D;"Nº de intervenciones";"Suma igual al Total";"Valida que la suma de las columnas E + F + G + H + I + J sea igual al total de la columna D (Fila 122). Variable: Nº de intervenciones. De lo contrario, se marca como observación.";"Suma(E + F + G + H + I + J) = Columna D";;"Fila 122";Error;Activa;"Estructura Excel";;;
a27_i_b_sum_equals;A27;I;B;"N° Total de Servicios";"Suma igual al Total";"Valida que la suma de las columnas C + D + E + F + G + H + I + J + K + L + M sea igual al total de la columna B (Fila 143). Variable: N° Total de Servicios. De lo contrario, se marca como observación.";"Suma(C + D + E + F + G + H + I + J + K + L + M) = Columna B";;"Fila 143";Error;Activa;"Estructura Excel";;;
a27_l_d_sum_equals;A27;L;D;TOTAL;"Suma igual al Total";"Valida que la suma de las columnas E + F + G + H sea igual al total de la columna D (Fila 171). Variable: TOTAL. De lo contrario, se marca como observación.";"Suma(E + F + G + H) = Columna D";;"Fila 171";Error;Activa;"Estructura Excel";;;
a27_l_e_sum_equals;A27;L;E;"Un Profesional";"Suma igual al Total";"Valida que la suma de las columnas E sea igual al total de la columna E (Filas 171–202). Variable: Un Profesional. De lo contrario, se marca como observación.";"Suma(E) = Columna E";;"Filas 171–202";Error;Activa;"Estructura Excel";;;
a27_l_f_sum_equals;A27;L;F;"Dos o más profesionales";"Suma igual al Total";"Valida que la suma de las columnas F sea igual al total de la columna F (Filas 171–202). Variable: Dos o más profesionales. De lo contrario, se marca como observación.";"Suma(F) = Columna F";;"Filas 171–202";Error;Activa;"Estructura Excel";;;
a27_l_g_sum_equals;A27;L;G;"Un profesional y un Técnico en Enfermería";"Suma igual al Total";"Valida que la suma de las columnas G sea igual al total de la columna G (Filas 171–202). Variable: Un profesional y un Técnico en Enfermería. De lo contrario, se marca como observación.";"Suma(G) = Columna G";;"Filas 171–202";Error;Activa;"Estructura Excel";;;
a27_l_h_sum_equals;A27;L;H;"Técnico en Enfermería";"Suma igual al Total";"Valida que la suma de las columnas H sea igual al total de la columna H (Filas 171–202). Variable: Técnico en Enfermería. De lo contrario, se marca como observación.";"Suma(H) = Columna H";;"Filas 171–202";Error;Activa;"Estructura Excel";;;
a27_l_i_sum_equals;A27;L;I;"Facilitador/a Intercultural Pueblos Originarios";"Suma igual al Total";"Valida que la suma de las columnas I sea igual al total de la columna I (Filas 171–202). Variable: Facilitador/a Intercultural Pueblos Originarios. De lo contrario, se marca como observación.";"Suma(I) = Columna I";;"Filas 171–202";Error;Activa;"Estructura Excel";;;
a28_a.1_aq_sum_equals;A28;A.1;AQ;"Personas con discapacidad (con RND)";"Suma igual al Total";"Valida que la suma de las columnas AQ sea igual al total de la columna AQ (Filas 20–24). Variable: Personas con discapacidad (con RND). De lo contrario, se marca como observación.";"Suma(AQ) = Columna AQ";;"Filas 20–24";Error;Activa;"Estructura Excel";;;
a28_a.1_ar_sum_equals;A28;A.1;AR;"Pueblos Originarios";"Suma igual al Total";"Valida que la suma de las columnas AR sea igual al total de la columna AR (Filas 20–24). Variable: Pueblos Originarios. De lo contrario, se marca como observación.";"Suma(AR) = Columna AR";;"Filas 20–24";Error;Activa;"Estructura Excel";;;
a28_a.1_as_sum_equals;A28;A.1;AS;Migrantes;"Suma igual al Total";"Valida que la suma de las columnas AS sea igual al total de la columna AS (Filas 20–24). Variable: Migrantes. De lo contrario, se marca como observación.";"Suma(AS) = Columna AS";;"Filas 20–24";Error;Activa;"Estructura Excel";;;
a28_a.10_b_sum_equals;A28;A.10;B;TOTAL;"Suma igual al Total";"Valida que la suma de las columnas C + D + E + F + G sea igual al total de la columna B (Fila 122). Variable: TOTAL. De lo contrario, se marca como observación.";"Suma(C + D + E + F + G) = Columna B";;"Fila 122";Error;Activa;"Estructura Excel";;;
a28_a.3_b_sum_equals;A28;A.3;B;TOTAL;"Suma igual al Total";"Valida que la suma de las columnas C + D + E + F sea igual al total de la columna B (Fila 56). Variable: TOTAL. De lo contrario, se marca como observación.";"Suma(C + D + E + F) = Columna B";;"Fila 56";Error;Activa;"Estructura Excel";;;
a28_a.4_b_sum_equals;A28;A.4;B;TOTAL;"Suma igual al Total";"Valida que la suma de las columnas C + D + E + F + G + H + I + J + K + L + M + N + O + P + Q + R + S sea igual al total de la columna B (Fila 65). Variable: TOTAL. De lo contrario, se marca como observación.";"Suma(C + D + E + F + G + H + I + J + K + L + M + N + O + P + Q + R + S) = Columna B";;"Fila 65";Error;Activa;"Estructura Excel";;;
a28_a.5_b_sum_equals;A28;A.5;B;TOTAL;"Suma igual al Total";"Valida que la suma de las columnas C + D + E + F + G + H + I + J + K + L + M + N + O + P + Q + R + S sea igual al total de la columna B (Fila 73). Variable: TOTAL. De lo contrario, se marca como observación.";"Suma(C + D + E + F + G + H + I + J + K + L + M + N + O + P + Q + R + S) = Columna B";;"Fila 73";Error;Activa;"Estructura Excel";;;
a28_a.6_b_sum_equals;A28;A.6;B;"Rehabilitación NNA";"Suma igual al Total";"Valida que la suma de las columnas B sea igual al total de la columna B (Filas 80–96). Variable: Rehabilitación NNA. De lo contrario, se marca como observación.";"Suma(B) = Columna B";;"Filas 80–96";Error;Activa;"Estructura Excel";;;
a28_a.6_c_sum_equals;A28;A.6;C;"Rehabilitación Integral APS";"Suma igual al Total";"Valida que la suma de las columnas C sea igual al total de la columna C (Filas 80–96). Variable: Rehabilitación Integral APS. De lo contrario, se marca como observación.";"Suma(C) = Columna C";;"Filas 80–96";Error;Activa;"Estructura Excel";;;
a28_a.6_d_sum_equals;A28;A.6;D;"Otros Rehabilitación";"Suma igual al Total";"Valida que la suma de las columnas D sea igual al total de la columna D (Filas 80–96). Variable: Otros Rehabilitación. De lo contrario, se marca como observación.";"Suma(D) = Columna D";;"Filas 80–96";Error;Activa;"Estructura Excel";;;
a28_a.6_e_sum_equals;A28;A.6;E;"Rehabilitación móvil (rural)";"Suma igual al Total";"Valida que la suma de las columnas E sea igual al total de la columna E (Filas 80–96). Variable: Rehabilitación móvil (rural). De lo contrario, se marca como observación.";"Suma(E) = Columna E";;"Filas 80–96";Error;Activa;"Estructura Excel";;;
a28_a.7_b_sum_equals;A28;A.7;B;"Rehabilitación NNA";"Suma igual al Total";"Valida que la suma de las columnas B sea igual al total de la columna B (Filas 100–104). Variable: Rehabilitación NNA. De lo contrario, se marca como observación.";"Suma(B) = Columna B";;"Filas 100–104";Error;Activa;"Estructura Excel";;;
a28_a.7_c_sum_equals;A28;A.7;C;"Rehabilitación Integral APS";"Suma igual al Total";"Valida que la suma de las columnas C sea igual al total de la columna C (Filas 100–104). Variable: Rehabilitación Integral APS. De lo contrario, se marca como observación.";"Suma(C) = Columna C";;"Filas 100–104";Error;Activa;"Estructura Excel";;;
a28_a.7_d_sum_equals;A28;A.7;D;"Otros Rehabilitación";"Suma igual al Total";"Valida que la suma de las columnas D sea igual al total de la columna D (Filas 100–104). Variable: Otros Rehabilitación. De lo contrario, se marca como observación.";"Suma(D) = Columna D";;"Filas 100–104";Error;Activa;"Estructura Excel";;;
a28_a.7_e_sum_equals;A28;A.7;E;"Rehabilitación móvil (rural)";"Suma igual al Total";"Valida que la suma de las columnas E sea igual al total de la columna E (Filas 100–104). Variable: Rehabilitación móvil (rural). De lo contrario, se marca como observación.";"Suma(E) = Columna E";;"Filas 100–104";Error;Activa;"Estructura Excel";;;
a28_a.8_b_sum_equals;A28;A.8;B;"Rehabilitación NNA";"Suma igual al Total";"Valida que la suma de las columnas B sea igual al total de la columna B (Filas 108–112). Variable: Rehabilitación NNA. De lo contrario, se marca como observación.";"Suma(B) = Columna B";;"Filas 108–112";Error;Activa;"Estructura Excel";;;
a28_a.8_c_sum_equals;A28;A.8;C;"Rehabilitación Integral APS";"Suma igual al Total";"Valida que la suma de las columnas C sea igual al total de la columna C (Filas 108–112). Variable: Rehabilitación Integral APS. De lo contrario, se marca como observación.";"Suma(C) = Columna C";;"Filas 108–112";Error;Activa;"Estructura Excel";;;
a28_a.8_d_sum_equals;A28;A.8;D;"Otros Rehabilitación";"Suma igual al Total";"Valida que la suma de las columnas D sea igual al total de la columna D (Filas 108–112). Variable: Otros Rehabilitación. De lo contrario, se marca como observación.";"Suma(D) = Columna D";;"Filas 108–112";Error;Activa;"Estructura Excel";;;
a28_a.8_e_sum_equals;A28;A.8;E;"Rehabilitación móvil (rural)";"Suma igual al Total";"Valida que la suma de las columnas E sea igual al total de la columna E (Filas 108–112). Variable: Rehabilitación móvil (rural). De lo contrario, se marca como observación.";"Suma(E) = Columna E";;"Filas 108–112";Error;Activa;"Estructura Excel";;;
a28_a.9_b_sum_equals;A28;A.9;B;TOTAL;"Suma igual al Total";"Valida que la suma de las columnas C + D + E + F sea igual al total de la columna B (Fila 117). Variable: TOTAL. De lo contrario, se marca como observación.";"Suma(C + D + E + F) = Columna B";;"Fila 117";Error;Activa;"Estructura Excel";;;
a28_b.2_b_sum_equals;A28;B.2;B;TOTAL;"Suma igual al Total";"Valida que la suma de las columnas C + D + E + F + G + H + I + J + K + L + M + N + O + P + Q + R + S sea igual al total de la columna B (Fila 188). Variable: TOTAL. De lo contrario, se marca como observación.";"Suma(C + D + E + F + G + H + I + J + K + L + M + N + O + P + Q + R + S) = Columna B";;"Fila 188";Error;Activa;"Estructura Excel";;;
a28_b.3_b_sum_equals;A28;B.3;B;TOTAL;"Suma igual al Total";"Valida que la suma de las columnas C + D + E + F + G + H + I + J + K + L + M + N + O + P + Q + R + S sea igual al total de la columna B (Fila 200). Variable: TOTAL. De lo contrario, se marca como observación.";"Suma(C + D + E + F + G + H + I + J + K + L + M + N + O + P + Q + R + S) = Columna B";;"Fila 200";Error;Activa;"Estructura Excel";;;
a28_b.4_b_sum_equals;A28;B.4;B;TOTAL;"Suma igual al Total";"Valida que la suma de las columnas C + D + E + F + G + H + I + J + K + L + M + N + O + P + Q + R + S sea igual al total de la columna B (Fila 211). Variable: TOTAL. De lo contrario, se marca como observación.";"Suma(C + D + E + F + G + H + I + J + K + L + M + N + O + P + Q + R + S) = Columna B";;"Fila 211";Error;Activa;"Estructura Excel";;;
a28_b.6_b_sum_equals;A28;B.6;B;TOTAL;"Suma igual al Total";"Valida que la suma de las columnas B sea igual al total de la columna B (Filas 224–248). Variable: TOTAL. De lo contrario, se marca como observación.";"Suma(B) = Columna B";;"Filas 224–248";Error;Activa;"Estructura Excel";;;
a28_c.1_b_sum_equals;A28;C.1;B;TOTAL;"Suma igual al Total";"Valida que la suma de las columnas C + D + E + F + G + H + I + J + K + L + M + N + O + P + Q + R + S sea igual al total de la columna B (Fila 254). Variable: TOTAL. De lo contrario, se marca como observación.";"Suma(C + D + E + F + G + H + I + J + K + L + M + N + O + P + Q + R + S) = Columna B";;"Fila 254";Error;Activa;"Estructura Excel";;;
a28_c.2_b_sum_equals;A28;C.2;B;TOTAL;"Suma igual al Total";"Valida que la suma de las columnas C + D + E + F + G + H + I + J + K + L + M + N + O + P + Q + R + S sea igual al total de la columna B (Fila 260). Variable: TOTAL. De lo contrario, se marca como observación.";"Suma(C + D + E + F + G + H + I + J + K + L + M + N + O + P + Q + R + S) = Columna B";;"Fila 260";Error;Activa;"Estructura Excel";;;
a28_c.3_b_sum_equals;A28;C.3;B;TOTAL;"Suma igual al Total";"Valida que la suma de las columnas C + D + E + F + G + H + I + J + K + L + M + N + O + P + Q + R + S sea igual al total de la columna B (Fila 290). Variable: TOTAL. De lo contrario, se marca como observación.";"Suma(C + D + E + F + G + H + I + J + K + L + M + N + O + P + Q + R + S) = Columna B";;"Fila 290";Error;Activa;"Estructura Excel";;;
a29_b_c_sum_equals;A29;B;C;TOTAL;"Suma igual al Total";"Valida que la suma de las columnas D + E + F + G + H + I + J + K + L sea igual al total de la columna C (Fila 32). Variable: TOTAL. De lo contrario, se marca como observación.";"Suma(D + E + F + G + H + I + J + K + L) = Columna C";;"Fila 32";Error;Activa;"Estructura Excel";;;
a29_d_b_sum_equals;A29;D;B;TOTAL;"Suma igual al Total";"Valida que la suma de las columnas C + D sea igual al total de la columna B (Fila 111). Variable: TOTAL. De lo contrario, se marca como observación.";"Suma(C + D) = Columna B";;"Fila 111";Error;Activa;"Estructura Excel";;;
a29_e_b_sum_equals;A29;E;B;Total;"Suma igual al Total";"Valida que la suma de las columnas B sea igual al total de la columna B (Filas 115–131). Variable: Total. De lo contrario, se marca como observación.";"Suma(B) = Columna B";;"Filas 115–131";Error;Activa;"Estructura Excel";;;
a29_h_b_sum_equals;A29;H;B;TOTAL;"Suma igual al Total";"Valida que la suma de las columnas C + D + E + F + G + H + I + J sea igual al total de la columna B (Fila 156). Variable: TOTAL. De lo contrario, se marca como observación.";"Suma(C + D + E + F + G + H + I + J) = Columna B";;"Fila 156";Error;Activa;"Estructura Excel";;;
a29_i_b_sum_equals;A29;I;B;TOTAL;"Suma igual al Total";"Valida que la suma de las columnas C + D + E sea igual al total de la columna B (Fila 162). Variable: TOTAL. De lo contrario, se marca como observación.";"Suma(C + D + E) = Columna B";;"Fila 162";Error;Activa;"Estructura Excel";;;
a30_f_b_sum_equals;A30;F;B;TOTAL;"Suma igual al Total";"Valida que la suma de las columnas B sea igual al total de la columna B (Filas 124–129). Variable: TOTAL. De lo contrario, se marca como observación.";"Suma(B) = Columna B";;"Filas 124–129";Error;Activa;"Estructura Excel";;;
a30ar_d_f_sum_equals;A30AR;D;F;"TOTAL PRESTACIONES TELEMEDICINA REALIZADAS EN MODALIDAD SINCRÓNICA";"Suma igual al Total";"Valida que la suma de las columnas F sea igual al total de la columna F (Filas 69–72). Variable: TOTAL PRESTACIONES TELEMEDICINA REALIZADAS EN MODALIDAD SINCRÓNICA. De lo contrario, se marca como observación.";"Suma(F) = Columna F";;"Filas 69–72";Error;Activa;"Estructura Excel";;;
a30ar_d_g_sum_equals;A30AR;D;G;"TOTAL PRESTACIONES TELEMEDICINA REALIZADAS EN MODALIDAD ASINCRÓNICA";"Suma igual al Total";"Valida que la suma de las columnas G sea igual al total de la columna G (Filas 69–72). Variable: TOTAL PRESTACIONES TELEMEDICINA REALIZADAS EN MODALIDAD ASINCRÓNICA. De lo contrario, se marca como observación.";"Suma(G) = Columna G";;"Filas 69–72";Error;Activa;"Estructura Excel";;;
a30ar_f_b_sum_equals;A30AR;F;B;TOTAL;"Suma igual al Total";"Valida que la suma de las columnas C + D + E sea igual al total de la columna B (Fila 85). Variable: TOTAL. De lo contrario, se marca como observación.";"Suma(C + D + E) = Columna B";;"Fila 85";Error;Activa;"Estructura Excel";;;
a30ar_f1_b_sum_equals;A30AR;F1;B;TOTAL;"Suma igual al Total";"Valida que la suma de las columnas C + D + E sea igual al total de la columna B (Fila 85). Variable: TOTAL. De lo contrario, se marca como observación.";"Suma(C + D + E) = Columna B";;"Fila 85";Error;Activa;"Estructura Excel";;;
a30ar_f2_b_sum_equals;A30AR;F2;B;TOTAL;"Suma igual al Total";"Valida que la suma de las columnas C + D sea igual al total de la columna B (Fila 91). Variable: TOTAL. De lo contrario, se marca como observación.";"Suma(C + D) = Columna B";;"Fila 91";Error;Activa;"Estructura Excel";;;
a30ar_f3_b_sum_equals;A30AR;F3;B;TOTAL;"Suma igual al Total";"Valida que la suma de las columnas C + D sea igual al total de la columna B (Fila 97). Variable: TOTAL. De lo contrario, se marca como observación.";"Suma(C + D) = Columna B";;"Fila 97";Error;Activa;"Estructura Excel";;;
a30ar_h_b_sum_equals;A30AR;H;B;TOTAL;"Suma igual al Total";"Valida que la suma de las columnas C + D + E + F + G sea igual al total de la columna B (Fila 111). Variable: TOTAL. De lo contrario, se marca como observación.";"Suma(C + D + E + F + G) = Columna B";;"Fila 111";Error;Activa;"Estructura Excel";;;
a31_a_an_sum_equals;A31;A;AN;"Atenciones realizadas durante otras consultas";"Suma igual al Total";"Valida que la suma de las columnas AN sea igual al total de la columna AN (Filas 12–27). Variable: Atenciones realizadas durante otras consultas. De lo contrario, se marca como observación.";"Suma(AN) = Columna AN";;"Filas 12–27";Error;Activa;"Estructura Excel";;;
a31_a_ao_sum_equals;A31;A;AO;Beneficiarios;"Suma igual al Total";"Valida que la suma de las columnas AO sea igual al total de la columna AO (Filas 12–27). Variable: Beneficiarios. De lo contrario, se marca como observación.";"Suma(AO) = Columna AO";;"Filas 12–27";Error;Activa;"Estructura Excel";;;
a31_a_ap_sum_equals;A31;A;AP;"Pueblos Originarios";"Suma igual al Total";"Valida que la suma de las columnas AP sea igual al total de la columna AP (Filas 12–27). Variable: Pueblos Originarios. De lo contrario, se marca como observación.";"Suma(AP) = Columna AP";;"Filas 12–27";Error;Activa;"Estructura Excel";;;
a31_a_aq_sum_equals;A31;A;AQ;Migrantes;"Suma igual al Total";"Valida que la suma de las columnas AQ sea igual al total de la columna AQ (Filas 12–27). Variable: Migrantes. De lo contrario, se marca como observación.";"Suma(AQ) = Columna AQ";;"Filas 12–27";Error;Activa;"Estructura Excel";;;
a31_a_ar_sum_equals;A31;A;AR;"SENAME/ Servicio Nacional de Reinserción social Juvenil";"Suma igual al Total";"Valida que la suma de las columnas AR sea igual al total de la columna AR (Filas 12–27). Variable: SENAME/ Servicio Nacional de Reinserción social Juvenil. De lo contrario, se marca como observación.";"Suma(AR) = Columna AR";;"Filas 12–27";Error;Activa;"Estructura Excel";;;
a31_a_as_sum_equals;A31;A;AS;"Ingresos a Medicina Complementaria";"Suma igual al Total";"Valida que la suma de las columnas AS sea igual al total de la columna AS (Filas 12–27). Variable: Ingresos a Medicina Complementaria. De lo contrario, se marca como observación.";"Suma(AS) = Columna AS";;"Filas 12–27";Error;Activa;"Estructura Excel";;;
a31_a_at_sum_equals;A31;A;AT;Controles;"Suma igual al Total";"Valida que la suma de las columnas AT sea igual al total de la columna AT (Filas 12–27). Variable: Controles. De lo contrario, se marca como observación.";"Suma(AT) = Columna AT";;"Filas 12–27";Error;Activa;"Estructura Excel";;;
a31_a_au_sum_equals;A31;A;AU;Pacientes;"Suma igual al Total";"Valida que la suma de las columnas AU sea igual al total de la columna AU (Filas 12–27). Variable: Pacientes. De lo contrario, se marca como observación.";"Suma(AU) = Columna AU";;"Filas 12–27";Error;Activa;"Estructura Excel";;;
a31_a_av_sum_equals;A31;A;AV;"Familiares / Cuidadores de los Pacientes";"Suma igual al Total";"Valida que la suma de las columnas AV sea igual al total de la columna AV (Filas 12–27). Variable: Familiares / Cuidadores de los Pacientes. De lo contrario, se marca como observación.";"Suma(AV) = Columna AV";;"Filas 12–27";Error;Activa;"Estructura Excel";;;
a31_a_aw_sum_equals;A31;A;AW;Funcionarios;"Suma igual al Total";"Valida que la suma de las columnas AW sea igual al total de la columna AW (Filas 12–27). Variable: Funcionarios. De lo contrario, se marca como observación.";"Suma(AW) = Columna AW";;"Filas 12–27";Error;Activa;"Estructura Excel";;;
a31_b_b_sum_equals;A31;B;B;TOTAL;"Suma igual al Total";"Valida que la suma de las columnas C + D + E + F + G + H + I + J + K + L + M + N + O + P + Q + R + S + T + U + V + W + X + Y + Z + AA + AB + AC + AD + AE + AF sea igual al total de la columna B (Fila 32). Variable: TOTAL. De lo contrario, se marca como observación.";"Suma(C + D + E + F + G + H + I + J + K + L + M + N + O + P + Q + R + S + T + U + V + W + X + Y + Z + AA + AB + AC + AD + AE + AF) = Columna B";;"Fila 32";Error;Activa;"Estructura Excel";;;
a31_b_c_sum_equals;A31;B;C;Acupuntura;"Suma igual al Total";"Valida que la suma de las columnas C sea igual al total de la columna C (Filas 32–45). Variable: Acupuntura. De lo contrario, se marca como observación.";"Suma(C) = Columna C";;"Filas 32–45";Error;Activa;"Estructura Excel";;;
a31_b_d_sum_equals;A31;B;D;Homeopatía;"Suma igual al Total";"Valida que la suma de las columnas D sea igual al total de la columna D (Filas 32–45). Variable: Homeopatía. De lo contrario, se marca como observación.";"Suma(D) = Columna D";;"Filas 32–45";Error;Activa;"Estructura Excel";;;
a31_b_e_sum_equals;A31;B;E;Naturopatía;"Suma igual al Total";"Valida que la suma de las columnas E sea igual al total de la columna E (Filas 32–45). Variable: Naturopatía. De lo contrario, se marca como observación.";"Suma(E) = Columna E";;"Filas 32–45";Error;Activa;"Estructura Excel";;;
a31_c_b_sum_equals;A31;C;B;TOTAL;"Suma igual al Total";"Valida que la suma de las columnas C + D + E + F + G + H + I + J + K + L + M + N + O + P + Q + R + S + T + U + V + W + X + Y + Z + AA + AB + AC + AD + AE + AF sea igual al total de la columna B (Fila 50). Variable: TOTAL. De lo contrario, se marca como observación.";"Suma(C + D + E + F + G + H + I + J + K + L + M + N + O + P + Q + R + S + T + U + V + W + X + Y + Z + AA + AB + AC + AD + AE + AF) = Columna B";;"Fila 50";Error;Activa;"Estructura Excel";;;
a31_c_c_sum_equals;A31;C;C;Acupuntura;"Suma igual al Total";"Valida que la suma de las columnas C sea igual al total de la columna C (Filas 50–65). Variable: Acupuntura. De lo contrario, se marca como observación.";"Suma(C) = Columna C";;"Filas 50–65";Error;Activa;"Estructura Excel";;;
a31_c_d_sum_equals;A31;C;D;Homeopatía;"Suma igual al Total";"Valida que la suma de las columnas D sea igual al total de la columna D (Filas 50–65). Variable: Homeopatía. De lo contrario, se marca como observación.";"Suma(D) = Columna D";;"Filas 50–65";Error;Activa;"Estructura Excel";;;
a31_c_e_sum_equals;A31;C;E;Naturopatía;"Suma igual al Total";"Valida que la suma de las columnas E sea igual al total de la columna E (Filas 50–65). Variable: Naturopatía. De lo contrario, se marca como observación.";"Suma(E) = Columna E";;"Filas 50–65";Error;Activa;"Estructura Excel";;;
a31_d_b_sum_equals;A31;D;B;"TOTAL DE SESIONES GRUPALES";"Suma igual al Total";"Valida que la suma de las columnas B sea igual al total de la columna B (Filas 71–84). Variable: TOTAL DE SESIONES GRUPALES. De lo contrario, se marca como observación.";"Suma(B) = Columna B";;"Filas 71–84";Error;Activa;"Estructura Excel";;;
a31_d_n_sum_equals;A31;D;N;Pacientes;"Suma igual al Total";"Valida que la suma de las columnas N sea igual al total de la columna N (Filas 71–84). Variable: Pacientes. De lo contrario, se marca como observación.";"Suma(N) = Columna N";;"Filas 71–84";Error;Activa;"Estructura Excel";;;
a31_d_o_sum_equals;A31;D;O;"Familiares / Cuidadores de los pacientes";"Suma igual al Total";"Valida que la suma de las columnas O sea igual al total de la columna O (Filas 71–84). Variable: Familiares / Cuidadores de los pacientes. De lo contrario, se marca como observación.";"Suma(O) = Columna O";;"Filas 71–84";Error;Activa;"Estructura Excel";;;
a31_d_p_sum_equals;A31;D;P;Funcionarios;"Suma igual al Total";"Valida que la suma de las columnas P sea igual al total de la columna P (Filas 71–84). Variable: Funcionarios. De lo contrario, se marca como observación.";"Suma(P) = Columna P";;"Filas 71–84";Error;Activa;"Estructura Excel";;;
a31_d_q_sum_equals;A31;D;Q;Beneficiarios;"Suma igual al Total";"Valida que la suma de las columnas Q sea igual al total de la columna Q (Filas 71–84). Variable: Beneficiarios. De lo contrario, se marca como observación.";"Suma(Q) = Columna Q";;"Filas 71–84";Error;Activa;"Estructura Excel";;;
a31_d_r_sum_equals;A31;D;R;"Pueblos Originarios";"Suma igual al Total";"Valida que la suma de las columnas R sea igual al total de la columna R (Filas 71–84). Variable: Pueblos Originarios. De lo contrario, se marca como observación.";"Suma(R) = Columna R";;"Filas 71–84";Error;Activa;"Estructura Excel";;;
a31_d_s_sum_equals;A31;D;S;Migrantes;"Suma igual al Total";"Valida que la suma de las columnas S sea igual al total de la columna S (Filas 71–84). Variable: Migrantes. De lo contrario, se marca como observación.";"Suma(S) = Columna S";;"Filas 71–84";Error;Activa;"Estructura Excel";;;
a31_d_t_sum_equals;A31;D;T;"SENAME/ Servicio Nacional de Reinserción social Juvenil";"Suma igual al Total";"Valida que la suma de las columnas T sea igual al total de la columna T (Filas 71–84). Variable: SENAME/ Servicio Nacional de Reinserción social Juvenil. De lo contrario, se marca como observación.";"Suma(T) = Columna T";;"Filas 71–84";Error;Activa;"Estructura Excel";;;
a31_e_b_sum_equals;A31;E;B;TOTAL;"Suma igual al Total";"Valida que la suma de las columnas C + D + E + F + G + H + I + J + K + L + M + N + O + P + Q + R + S sea igual al total de la columna B (Fila 89). Variable: TOTAL. De lo contrario, se marca como observación.";"Suma(C + D + E + F + G + H + I + J + K + L + M + N + O + P + Q + R + S) = Columna B";;"Fila 89";Error;Activa;"Estructura Excel";;;
a32_a_b_sum_equals;A32;A;B;TOTAL;"Suma igual al Total";"Valida que la suma de las columnas C + D + E + F + G + H + I + J + K + L + M + N + O + P + Q + R + S sea igual al total de la columna B (Fila 11). Variable: TOTAL. De lo contrario, se marca como observación.";"Suma(C + D + E + F + G + H + I + J + K + L + M + N + O + P + Q + R + S) = Columna B";;"Fila 11";Error;Activa;"Estructura Excel";;;
a32_a_v_sum_equals;A32;A;V;"SENAME/ Servicio Nacional de Reinserción social Juvenil";"Suma igual al Total";"Valida que la suma de las columnas V sea igual al total de la columna V (Filas 11–15). Variable: SENAME/ Servicio Nacional de Reinserción social Juvenil. De lo contrario, se marca como observación.";"Suma(V) = Columna V";;"Filas 11–15";Error;Activa;"Estructura Excel";;;
a32_a_w_sum_equals;A32;A;W;"Servicio Nacional Protección Especializada a la Niñez y Adolescencia";"Suma igual al Total";"Valida que la suma de las columnas W sea igual al total de la columna W (Filas 11–15). Variable: Servicio Nacional Protección Especializada a la Niñez y Adolescencia. De lo contrario, se marca como observación.";"Suma(W) = Columna W";;"Filas 11–15";Error;Activa;"Estructura Excel";;;
a32_a_x_sum_equals;A32;A;X;"Pueblos Originarios";"Suma igual al Total";"Valida que la suma de las columnas X sea igual al total de la columna X (Filas 11–15). Variable: Pueblos Originarios. De lo contrario, se marca como observación.";"Suma(X) = Columna X";;"Filas 11–15";Error;Activa;"Estructura Excel";;;
a32_a_y_sum_equals;A32;A;Y;Migrantes;"Suma igual al Total";"Valida que la suma de las columnas Y sea igual al total de la columna Y (Filas 11–15). Variable: Migrantes. De lo contrario, se marca como observación.";"Suma(Y) = Columna Y";;"Filas 11–15";Error;Activa;"Estructura Excel";;;
a32_a_z_sum_equals;A32;A;Z;"Espacios amigables/ Adolescentes";"Suma igual al Total";"Valida que la suma de las columnas Z sea igual al total de la columna Z (Filas 11–15). Variable: Espacios amigables/ Adolescentes. De lo contrario, se marca como observación.";"Suma(Z) = Columna Z";;"Filas 11–15";Error;Activa;"Estructura Excel";;;
a32_b_b_sum_equals;A32;B;B;TOTAL;"Suma igual al Total";"Valida que la suma de las columnas C + D + E sea igual al total de la columna B (Fila 19). Variable: TOTAL. De lo contrario, se marca como observación.";"Suma(C + D + E) = Columna B";;"Fila 19";Error;Activa;"Estructura Excel";;;
a32_b_c_sum_equals;A32;B;C;Médico/a;"Suma igual al Total";"Valida que la suma de las columnas C sea igual al total de la columna C (Filas 19–23). Variable: Médico/a. De lo contrario, se marca como observación.";"Suma(C) = Columna C";;"Filas 19–23";Error;Activa;"Estructura Excel";;;
a32_b_d_sum_equals;A32;B;D;Odontólogo/a;"Suma igual al Total";"Valida que la suma de las columnas D sea igual al total de la columna D (Filas 19–23). Variable: Odontólogo/a. De lo contrario, se marca como observación.";"Suma(D) = Columna D";;"Filas 19–23";Error;Activa;"Estructura Excel";;;
a32_b_e_sum_equals;A32;B;E;"Otros profesionales";"Suma igual al Total";"Valida que la suma de las columnas E sea igual al total de la columna E (Filas 19–23). Variable: Otros profesionales. De lo contrario, se marca como observación.";"Suma(E) = Columna E";;"Filas 19–23";Error;Activa;"Estructura Excel";;;
a32_c_b_sum_equals;A32;C;B;TOTAL;"Suma igual al Total";"Valida que la suma de las columnas C + D + E + F + G + H + I + J + K + L + M + N + O + P + Q + R + S sea igual al total de la columna B (Fila 28). Variable: TOTAL. De lo contrario, se marca como observación.";"Suma(C + D + E + F + G + H + I + J + K + L + M + N + O + P + Q + R + S) = Columna B";;"Fila 28";Error;Activa;"Estructura Excel";;;
a32_d.2_ap_sum_equals;A32;D.2;AP;Beneficiarios;"Suma igual al Total";"Valida que la suma de las columnas AP sea igual al total de la columna AP (Filas 95–103). Variable: Beneficiarios. De lo contrario, se marca como observación.";"Suma(AP) = Columna AP";;"Filas 95–103";Error;Activa;"Estructura Excel";;;
a32_d.2_aq_sum_equals;A32;D.2;AQ;"Total Controles (incluidos en grupo de edad)";"Suma igual al Total";"Valida que la suma de las columnas AQ sea igual al total de la columna AQ (Filas 95–103). Variable: Total Controles (incluidos en grupo de edad). De lo contrario, se marca como observación.";"Suma(AQ) = Columna AQ";;"Filas 95–103";Error;Activa;"Estructura Excel";;;
a32_d.2_ar_sum_equals;A32;D.2;AR;"Pueblos Originarios";"Suma igual al Total";"Valida que la suma de las columnas AR sea igual al total de la columna AR (Filas 95–103). Variable: Pueblos Originarios. De lo contrario, se marca como observación.";"Suma(AR) = Columna AR";;"Filas 95–103";Error;Activa;"Estructura Excel";;;
a32_d.2_as_sum_equals;A32;D.2;AS;Migrantes;"Suma igual al Total";"Valida que la suma de las columnas AS sea igual al total de la columna AS (Filas 95–103). Variable: Migrantes. De lo contrario, se marca como observación.";"Suma(AS) = Columna AS";;"Filas 95–103";Error;Activa;"Estructura Excel";;;
a32_d.2_at_sum_equals;A32;D.2;AT;"Columna AT";"Suma igual al Total";"Valida que la suma de las columnas AT sea igual al total de la columna AT (Filas 95–103). Variable: Columna AT. De lo contrario, se marca como observación.";"Suma(AT) = Columna AT";;"Filas 95–103";Error;Activa;"Estructura Excel";;;
a32_d.2_au_sum_equals;A32;D.2;AU;"Consultorías resueltas vía remota";"Suma igual al Total";"Valida que la suma de las columnas AU sea igual al total de la columna AU (Filas 95–103). Variable: Consultorías resueltas vía remota. De lo contrario, se marca como observación.";"Suma(AU) = Columna AU";;"Filas 95–103";Error;Activa;"Estructura Excel";;;
a32_d1_am_sum_equals;A32;D1;AM;"Columna AM";"Suma igual al Total";"Valida que la suma de las columnas AM sea igual al total de la columna AM (Filas 35–89). Variable: Columna AM. De lo contrario, se marca como observación.";"Suma(AM) = Columna AM";;"Filas 35–89";Error;Activa;"Estructura Excel";;;
a32_d1_an_sum_equals;A32;D1;AN;Teleconsultorías;"Suma igual al Total";"Valida que la suma de las columnas AN sea igual al total de la columna AN (Filas 35–89). Variable: Teleconsultorías. De lo contrario, se marca como observación.";"Suma(AN) = Columna AN";;"Filas 35–89";Error;Activa;"Estructura Excel";;;
a32_d1_ao_sum_equals;A32;D1;AO;"Pueblos Originarios";"Suma igual al Total";"Valida que la suma de las columnas AO sea igual al total de la columna AO (Filas 35–89). Variable: Pueblos Originarios. De lo contrario, se marca como observación.";"Suma(AO) = Columna AO";;"Filas 35–89";Error;Activa;"Estructura Excel";;;
a32_d1_ap_sum_equals;A32;D1;AP;Migrantes;"Suma igual al Total";"Valida que la suma de las columnas AP sea igual al total de la columna AP (Filas 35–89). Variable: Migrantes. De lo contrario, se marca como observación.";"Suma(AP) = Columna AP";;"Filas 35–89";Error;Activa;"Estructura Excel";;;
a32_d1_aq_sum_equals;A32;D1;AQ;"Teleconsulta de especialidad resueltas por Médicos Generales";"Suma igual al Total";"Valida que la suma de las columnas AQ sea igual al total de la columna AQ (Filas 35–89). Variable: Teleconsulta de especialidad resueltas por Médicos Generales. De lo contrario, se marca como observación.";"Suma(AQ) = Columna AQ";;"Filas 35–89";Error;Activa;"Estructura Excel";;;
a32_d1_ar_sum_equals;A32;D1;AR;"SENAME/ Servicio Nacional de Reinserción social Juvenil";"Suma igual al Total";"Valida que la suma de las columnas AR sea igual al total de la columna AR (Filas 35–89). Variable: SENAME/ Servicio Nacional de Reinserción social Juvenil. De lo contrario, se marca como observación.";"Suma(AR) = Columna AR";;"Filas 35–89";Error;Activa;"Estructura Excel";;;
a32_d1_as_sum_equals;A32;D1;AS;"Servicio Nacional Protección Especializada a la Niñez y Adolescencia";"Suma igual al Total";"Valida que la suma de las columnas AS sea igual al total de la columna AS (Filas 35–89). Variable: Servicio Nacional Protección Especializada a la Niñez y Adolescencia. De lo contrario, se marca como observación.";"Suma(AS) = Columna AS";;"Filas 35–89";Error;Activa;"Estructura Excel";;;
a32_d1_b_sum_equals;A32;D1;B;TOTAL;"Suma igual al Total";"Valida que la suma de las columnas C + D + E + F + G + H + I + J + K + L + M + N + O + P + Q + R + S sea igual al total de la columna B (Fila 35). Variable: TOTAL. De lo contrario, se marca como observación.";"Suma(C + D + E + F + G + H + I + J + K + L + M + N + O + P + Q + R + S) = Columna B";;"Fila 35";Error;Activa;"Estructura Excel";;;
a32_e2_m_sum_equals;A32;E2;M;"No Contesta";"Suma igual al Total";"Valida que la suma de las columnas M sea igual al total de la columna M (Filas 116–117). Variable: No Contesta. De lo contrario, se marca como observación.";"Suma(M) = Columna M";;"Filas 116–117";Error;Activa;"Estructura Excel";;;
a32_e2_n_sum_equals;A32;E2;N;Embarazadas;"Suma igual al Total";"Valida que la suma de las columnas N sea igual al total de la columna N (Filas 116–117). Variable: Embarazadas. De lo contrario, se marca como observación.";"Suma(N) = Columna N";;"Filas 116–117";Error;Activa;"Estructura Excel";;;
a32_e2_o_sum_equals;A32;E2;O;Beneficiarios;"Suma igual al Total";"Valida que la suma de las columnas O sea igual al total de la columna O (Filas 116–117). Variable: Beneficiarios. De lo contrario, se marca como observación.";"Suma(O) = Columna O";;"Filas 116–117";Error;Activa;"Estructura Excel";;;
a32_e2_p_sum_equals;A32;E2;P;"Usuarios con Discapacidad";"Suma igual al Total";"Valida que la suma de las columnas P sea igual al total de la columna P (Filas 116–117). Variable: Usuarios con Discapacidad. De lo contrario, se marca como observación.";"Suma(P) = Columna P";;"Filas 116–117";Error;Activa;"Estructura Excel";;;
a32_e2_q_sum_equals;A32;E2;Q;"SENAME/ Servicio Nacional de Reinserción social Juvenil";"Suma igual al Total";"Valida que la suma de las columnas Q sea igual al total de la columna Q (Filas 116–117). Variable: SENAME/ Servicio Nacional de Reinserción social Juvenil. De lo contrario, se marca como observación.";"Suma(Q) = Columna Q";;"Filas 116–117";Error;Activa;"Estructura Excel";;;
a32_e2_r_sum_equals;A32;E2;R;"Servicio Nacional Protección Especializada a la Niñez y Adolescencia";"Suma igual al Total";"Valida que la suma de las columnas R sea igual al total de la columna R (Filas 116–117). Variable: Servicio Nacional Protección Especializada a la Niñez y Adolescencia. De lo contrario, se marca como observación.";"Suma(R) = Columna R";;"Filas 116–117";Error;Activa;"Estructura Excel";;;
a32_e2_s_sum_equals;A32;E2;S;"Pueblos Originarios";"Suma igual al Total";"Valida que la suma de las columnas S sea igual al total de la columna S (Filas 116–117). Variable: Pueblos Originarios. De lo contrario, se marca como observación.";"Suma(S) = Columna S";;"Filas 116–117";Error;Activa;"Estructura Excel";;;
a32_e2_t_sum_equals;A32;E2;T;Migrantes;"Suma igual al Total";"Valida que la suma de las columnas T sea igual al total de la columna T (Filas 116–117). Variable: Migrantes. De lo contrario, se marca como observación.";"Suma(T) = Columna T";;"Filas 116–117";Error;Activa;"Estructura Excel";;;
a32_f_b_sum_equals;A32;F;B;"TOTAL ACCIONES";"Suma igual al Total";"Valida que la suma de las columnas C + D + E + F + G + H + I + J + K + L + M + N + O + P + Q + R + S sea igual al total de la columna B (Fila 123). Variable: TOTAL ACCIONES. De lo contrario, se marca como observación.";"Suma(C + D + E + F + G + H + I + J + K + L + M + N + O + P + Q + R + S) = Columna B";;"Fila 123";Error;Activa;"Estructura Excel";;;
a32_f1_b_sum_equals;A32;F1;B;"TOTAL ACCIONES";"Suma igual al Total";"Valida que la suma de las columnas C + D + E + F + G + H + I + J + K + L + M + N + O + P + Q + R + S sea igual al total de la columna B (Fila 123). Variable: TOTAL ACCIONES. De lo contrario, se marca como observación.";"Suma(C + D + E + F + G + H + I + J + K + L + M + N + O + P + Q + R + S) = Columna B";;"Fila 123";Error;Activa;"Estructura Excel";;;
a32_f2_an_sum_equals;A32;F2;AN;"SENAME/ Servicio Nacional de Reinserción social Juvenil";"Suma igual al Total";"Valida que la suma de las columnas AN sea igual al total de la columna AN (Filas 130–139). Variable: SENAME/ Servicio Nacional de Reinserción social Juvenil. De lo contrario, se marca como observación.";"Suma(AN) = Columna AN";;"Filas 130–139";Error;Activa;"Estructura Excel";;;
a32_f2_ao_sum_equals;A32;F2;AO;"Servicio Nacional Protección Especializada a la Niñez y Adolescencia";"Suma igual al Total";"Valida que la suma de las columnas AO sea igual al total de la columna AO (Filas 130–139). Variable: Servicio Nacional Protección Especializada a la Niñez y Adolescencia. De lo contrario, se marca como observación.";"Suma(AO) = Columna AO";;"Filas 130–139";Error;Activa;"Estructura Excel";;;
a32_f2_ap_sum_equals;A32;F2;AP;"Pueblos Originarios";"Suma igual al Total";"Valida que la suma de las columnas AP sea igual al total de la columna AP (Filas 130–139). Variable: Pueblos Originarios. De lo contrario, se marca como observación.";"Suma(AP) = Columna AP";;"Filas 130–139";Error;Activa;"Estructura Excel";;;
a32_f2_aq_sum_equals;A32;F2;AQ;Migrantes;"Suma igual al Total";"Valida que la suma de las columnas AQ sea igual al total de la columna AQ (Filas 130–139). Variable: Migrantes. De lo contrario, se marca como observación.";"Suma(AQ) = Columna AQ";;"Filas 130–139";Error;Activa;"Estructura Excel";;;
a32_f2_ar_sum_equals;A32;F2;AR;Demencia;"Suma igual al Total";"Valida que la suma de las columnas AR sea igual al total de la columna AR (Filas 130–139). Variable: Demencia. De lo contrario, se marca como observación.";"Suma(AR) = Columna AR";;"Filas 130–139";Error;Activa;"Estructura Excel";;;
a32_f2_as_sum_equals;A32;F2;AS;"Espacios Amigables/ Adolescentes";"Suma igual al Total";"Valida que la suma de las columnas AS sea igual al total de la columna AS (Filas 130–139). Variable: Espacios Amigables/ Adolescentes. De lo contrario, se marca como observación.";"Suma(AS) = Columna AS";;"Filas 130–139";Error;Activa;"Estructura Excel";;;
a32_i_b_sum_equals;A32;I;B;"TOTAL ACCIONES";"Suma igual al Total";"Valida que la suma de las columnas C + D sea igual al total de la columna B (Fila 175). Variable: TOTAL ACCIONES. De lo contrario, se marca como observación.";"Suma(C + D) = Columna B";;"Fila 175";Error;Activa;"Estructura Excel";;;
a32_i_e_sum_equals;A32;I;E;"TOTAL USUARIOS";"Suma igual al Total";"Valida que la suma de las columnas F + G + H + I + K + L + M + N + O + P + Q + R + S + T sea igual al total de la columna E. Variable: TOTAL USUARIOS. De lo contrario, se marca como observación.";"Suma(F + G + H + I + K + L + M + N + O + P + Q + R + S + T) = Columna E";;—;Error;Activa;"Estructura Excel";;;
a32_k_b_sum_equals;A32;K;B;"TOTAL ACCIONES";"Suma igual al Total";"Valida que la suma de las columnas C + D sea igual al total de la columna B (Fila 187). Variable: TOTAL ACCIONES. De lo contrario, se marca como observación.";"Suma(C + D) = Columna B";;"Fila 187";Error;Activa;"Estructura Excel";;;
a32_k_f_sum_equals;A32;K;F;"TOTAL USUARIOS";"Suma igual al Total";"Valida que la suma de las columnas G + H + I + J + K + L sea igual al total de la columna F (Fila 187). Variable: TOTAL USUARIOS. De lo contrario, se marca como observación.";"Suma(G + H + I + J + K + L) = Columna F";;"Fila 187";Error;Activa;"Estructura Excel";;;
a32_l_c_sum_equals;A32;L;C;"TOTAL
 ACCIONES";"Suma igual al Total";"Valida que la suma de las columnas E + G sea igual al total de la columna C. Variable: TOTAL
 ACCIONES. De lo contrario, se marca como observación.";"Suma(E + G) = Columna C";;—;Error;Activa;"Estructura Excel";;;
a32_m_c_sum_equals;A32;M;C;"Nº DE PARTICIPANTES";"Suma igual al Total";"Valida que la suma de las columnas D + E + F + G + H + I + J + K + L + M + N + O + P + Q + R + S sea igual al total de la columna C (Fila 200). Variable: Nº DE PARTICIPANTES. De lo contrario, se marca como observación.";"Suma(D + E + F + G + H + I + J + K + L + M + N + O + P + Q + R + S) = Columna C";;"Fila 200";Error;Activa;"Estructura Excel";;;
a32_n_b_sum_equals;A32;N;B;"N° DE ARCHIVOS MULTIMEDIA";"Suma igual al Total";"Valida que la suma de las columnas C + D + E + F + G + H + I + J sea igual al total de la columna B (Fila 206). Variable: N° DE ARCHIVOS MULTIMEDIA. De lo contrario, se marca como observación.";"Suma(C + D + E + F + G + H + I + J) = Columna B";;"Fila 206";Error;Activa;"Estructura Excel";;;
a32_o_b_sum_equals;A32;O;B;"TOTAL ACCIONES";"Suma igual al Total";"Valida que la suma de las columnas C + D + E + F + G sea igual al total de la columna B (Fila 211). Variable: TOTAL ACCIONES. De lo contrario, se marca como observación.";"Suma(C + D + E + F + G) = Columna B";;"Fila 211";Error;Activa;"Estructura Excel";;;
a33_c_c_sum_equals;A33;C;C;"Nº de sesiones";"Suma igual al Total";"Valida que la suma de las columnas C sea igual al total de la columna C (Filas 54–55). Variable: Nº de sesiones. De lo contrario, se marca como observación.";"Suma(C) = Columna C";;"Filas 54–55";Error;Activa;"Estructura Excel";;;
a33_c_d_sum_equals;A33;C;D;"Nº de participantes";"Suma igual al Total";"Valida que la suma de las columnas D sea igual al total de la columna D (Filas 54–55). Variable: Nº de participantes. De lo contrario, se marca como observación.";"Suma(D) = Columna D";;"Filas 54–55";Error;Activa;"Estructura Excel";;;
a34_a.1_an_sum_equals;A34;A.1;AN;"Pueblos Originarios";"Suma igual al Total";"Valida que la suma de las columnas AN sea igual al total de la columna AN (Filas 13–15). Variable: Pueblos Originarios. De lo contrario, se marca como observación.";"Suma(AN) = Columna AN";;"Filas 13–15";Error;Activa;"Estructura Excel";;;
a34_a.2_b_sum_equals;A34;A.2;B;TOTAL;"Suma igual al Total";"Valida que la suma de las columnas D + E + F + G + H + I + J + K sea igual al total de la columna B (Fila 21). Variable: TOTAL. De lo contrario, se marca como observación.";"Suma(D + E + F + G + H + I + J + K) = Columna B";;"Fila 21";Error;Activa;"Estructura Excel";;;
a34_b_aj_sum_equals;A34;B;AJ;"Pueblos Originarios";"Suma igual al Total";"Valida que la suma de las columnas AJ sea igual al total de la columna AJ (Filas 29–33). Variable: Pueblos Originarios. De lo contrario, se marca como observación.";"Suma(AJ) = Columna AJ";;"Filas 29–33";Error;Activa;"Estructura Excel";;;
a34_c_ai_sum_equals;A34;C;AI;"Pueblos Originarios";"Suma igual al Total";"Valida que la suma de las columnas AI sea igual al total de la columna AI (Filas 55–57). Variable: Pueblos Originarios. De lo contrario, se marca como observación.";"Suma(AI) = Columna AI";;"Filas 55–57";Error;Activa;"Estructura Excel";;;
a34_f_b_sum_equals;A34;F;B;"TOTAL ACTIVIDADES";"Suma igual al Total";"Valida que la suma de las columnas C + D + E + F sea igual al total de la columna B (Fila 97). Variable: TOTAL ACTIVIDADES. De lo contrario, se marca como observación.";"Suma(C + D + E + F) = Columna B";;"Fila 97";Error;Activa;"Estructura Excel";;;
a34_i_b_sum_equals;A34;I;B;"Rescate telefónico y/o correo electrónico";"Suma igual al Total";"Valida que la suma de las columnas B sea igual al total de la columna B (Filas 117–124). Variable: Rescate telefónico y/o correo electrónico. De lo contrario, se marca como observación.";"Suma(B) = Columna B";;"Filas 117–124";Error;Activa;"Estructura Excel";;;
